NodeId,Time,Humidity,Temperature,ThermalArray
0631,8/11/2022 12:08,55.82,29.16,"12.9,12.0,13.0,13.2,13.5,12.9,13.2,12.9,13.7,13.0,13.0,13.1,13.5,12.9,13.6,13.5,13.4,13.3,13.6,13.7,13.8,13.2,13.6,13.6,13.3,13.1,13.7,13.2,13.4,13.2,13.1,13.3,13.7,13.2,13.2,13.1,13.5,13.2,12.9,13.5,13.4,13.3,13.4,13.8,13.1,13.1,13.2,13.6,13.3,13.2,13.4,13.7,13.5,13.2,13.2,13.7,13.6,13.6,12.9,13.2,13.6,13.2,13.2,13.2,13.2,12.6,13.8,13.1,13.1,13.4,13.4,13.3,13.7,13.0,13.7,13.1,13.6,13.3,13.7,13.2,13.6,13.1,13.8,13.2,13.6,13.2,13.7,13.4,13.6,13.1,13.5,13.9,13.5,13.2,13.2,13.1,12.6,13.2,13.1,13.4,13.5,13.3,13.2,13.5,13.6,13.5,13.1,13.4,13.5,13.4,13.3,13.8,13.3,13.4,13.4,13.7,13.7,13.2,13.6,13.5,13.5,13.2,13.3,13.4,13.2,13.5,13.2,13.5,13.3,12.7,13.8,13.3,13.4,13.0,13.9,13.0,13.7,13.1,13.7,13.3,13.6,13.3,13.6,13.5,13.5,13.0,13.8,13.4,13.3,13.1,13.6,13.8,13.6,12.9,13.7,13.5,13.5,13.5,13.0,13.2,12.9,13.5,13.4,13.7,13.5,13.4,13.3,13.1,13.5,13.5,13.1,13.5,13.4,13.4,13.2,13.5,13.7,13.4,13.3,13.7,13.7,13.4,13.6,13.9,13.3,13.2,13.6,13.4,13.6,13.6,13.5,13.6,13.3,12.8,13.5,13.3,13.8,13.4,13.5,13.4,13.7,13.2,13.6,13.4,14.0,13.2,13.8,13.4,13.7,13.2,13.6,13.6,13.7,13.2,14.1,13.8,13.6,13.2,13.7,13.6,13.2,13.2,13.4,13.5,13.2,13.3,13.2,13.6,13.3,13.4,13.1,13.8,13.2,13.3,13.4,13.8,13.5,13.6,13.7,13.3,13.2,13.6,13.4,13.6,13.6,13.8,13.8,13.7,13.3,13.2,13.0,13.9,13.6,13.2,13.1,13.8,13.8,13.0,13.7,13.4,13.7,12.9,13.9,13.3,13.7,13.1,13.6,13.3,13.6,13.4,13.8,13.6,13.7,13.5,13.8,13.6,13.9,13.1,13.8,13.6,13.6,13.3,13.7,13.2,13.6,13.5,14.1,13.7,13.7,13.7,13.2,13.5,13.3,13.6,13.3,13.5,13.4,13.8,13.4,14.0,13.8,13.9,13.5,13.7,13.4,13.5,13.4,14.1,13.6,13.8,13.5,13.7,13.7,14.0,13.5,13.3,13.3,13.7,13.5,13.7,13.5,13.5,14.2,13.6,13.9,13.2,14.3,13.4,13.4,13.3,13.8,13.3,13.8,13.4,13.8,13.8,13.8,13.6,13.6,13.6,13.8,13.2,13.9,13.9,13.8,13.5,13.9,13.8,13.7,13.3,14.1,13.2,13.4,13.3,13.4,13.5,13.4,13.4,13.3,13.9,13.6,13.7,13.6,13.4,13.7,13.8,13.2,13.9,13.9,14.3,13.8,14.5,13.6,13.5,13.6,13.9,13.4,13.6,13.6,13.5,13.7,13.7,13.5,13.6,14.0,13.0,13.9,13.3,14.1,13.6,13.6,13.7,14.1,13.3,13.7,13.6,13.9,13.7,13.8,13.9,14.0,13.6,14.0,13.7,13.8,13.3,14.0,13.6,14.1,13.6,13.7,13.8,13.7,13.7,13.9,13.3,13.7,13.5,13.4,13.4,13.8,14.1,13.7,13.9,13.8,13.8,13.7,13.8,13.9,13.5,13.6,13.9,14.1,13.3,13.8,14.1,13.8,14.0,13.6,13.8,13.6,13.6,13.6,13.8,13.7,13.5,13.6,13.4,13.8,13.2,13.9,13.6,14.1,13.8,14.1,13.8,14.1,13.7,14.1,13.7,14.1,13.6,14.1,14.0,14.1,13.4,14.0,13.8,14.2,13.4,14.1,13.8,14.1,13.5,13.9,13.7,14.3,13.7,13.5,13.6,13.4,14.0,13.6,13.6,14.1,13.6,13.7,14.1,13.6,13.7,13.7,14.0,13.8,13.7,13.6,13.9,13.8,13.8,13.9,14.1,13.9,13.7,13.3,13.9,13.9,13.8,14.0,13.9,13.6,13.7,13.5,13.5,14.2,13.5,14.1,13.6,14.3,13.9,14.0,13.8,13.7,13.6,13.9,13.9,13.9,14.1,13.9,13.9,13.6,13.8,13.7,13.8,14.1,13.8,13.9,13.6,13.9,13.7,14.1,13.8,13.7,13.7,14.3,13.6,13.7,13.7,13.4,13.7,14.1,13.6,13.7,14.1,14.0,13.7,13.7,14.0,14.1,13.6,14.1,14.2,13.6,14.0,13.9,13.7,13.8,13.8,13.6,13.9,13.7,14.0,13.6,13.9,13.7,13.7,13.6,13.8,14.0,13.8,13.5,13.8,14.3,13.8,14.2,14.0,13.9,14.2,14.4,14.1,14.3,13.9,13.9,13.6,14.3,13.9,14.1,13.9,14.5,13.7,14.1,13.9,14.0,13.4,14.0,13.9,13.7,13.7,13.5,13.6,14.4,14.4,14.0,14.3,14.3,14.2,13.8,13.9,13.8,13.9,13.9,14.0,14.1,14.2,13.9,14.4,14.3,14.2,13.9,14.2,13.8,14.2,13.9,13.9,14.1,13.6,13.9,14.0,13.9,13.7,13.6,13.8,13.7,13.2,14.1,14.0,14.0,14.0,14.0,13.7,13.9,14.0,14.2,14.1,14.1,13.9,14.1,14.1,13.8,13.7,14.1,14.0,14.3,14.1,14.0,14.2,14.3,13.6,14.4,13.8,14.3,14.0,13.9,13.9,14.4,13.9,13.8,13.8,14.4,14.2,13.9,13.8,14.2,14.0,13.9,14.3,14.0,13.9,14.1,14.0,13.8,14.3,14.3,14.2,14.0,14.0,13.9,14.1,14.3,14.1,13.9,14.2,13.8,13.9,14.0,13.7,13.8,14.0,14.3,14.1,14.7,14.3,14.4,13.9,14.5,14.1,14.0,14.1,14.3,14.1,14.5,14.3,14.6,13.8,14.1,14.1,14.1,14.0,14.5,14.4,14.3,13.9,14.2,13.9,14.2,13.8,14.4,13.9,14.1,13.9,14.3,14.5,14.3,14.0,14.3,14.3,13.9,14.2,14.1,14.1,14.5,14.4,14.1,14.0,14.3,14.0,14.1,14.1,14.1,14.3,13.9,14.6,14.5,14.1,13.9,14.4,13.7,14.3,14.3,14.2"
0632,8/11/2022 12:10,55.25,30.7,"12.9,12.0,13.0,13.2,13.5,12.9,13.2,12.9,13.7,13.0,13.0,13.1,13.5,12.9,13.6,13.5,13.4,13.3,13.6,13.7,13.8,13.2,13.6,13.6,13.3,13.1,13.7,13.2,13.4,13.2,13.1,13.3,13.7,13.2,13.2,13.1,13.5,13.2,12.9,13.5,13.4,13.3,13.4,13.8,13.1,13.1,13.2,13.6,13.3,13.2,13.4,13.7,13.5,13.2,13.2,13.7,13.6,13.6,12.9,13.2,13.6,13.2,13.2,13.2,13.2,12.6,13.8,13.1,13.1,13.4,13.4,13.3,13.7,13.0,13.7,13.1,13.6,13.3,13.7,13.2,13.6,13.1,13.8,13.2,13.6,13.2,13.7,13.4,13.6,13.1,13.5,13.9,13.5,13.2,13.2,13.1,12.6,13.2,13.1,13.4,13.5,13.3,13.2,13.5,13.6,13.5,13.1,13.4,13.5,13.4,13.3,13.8,13.3,13.4,13.4,13.7,13.7,13.2,13.6,13.5,13.5,13.2,13.3,13.4,13.2,13.5,13.2,13.5,13.3,12.7,13.8,13.3,13.4,13.0,13.9,13.0,13.7,13.1,13.7,13.3,13.6,13.3,13.6,13.5,13.5,13.0,13.8,13.4,13.3,13.1,13.6,13.8,13.6,12.9,13.7,13.5,13.5,13.5,13.0,13.2,12.9,13.5,13.4,13.7,13.5,13.4,13.3,13.1,13.5,13.5,13.1,13.5,13.4,13.4,13.2,13.5,13.7,13.4,13.3,13.7,13.7,13.4,13.6,13.9,13.3,13.2,13.6,13.4,13.6,13.6,13.5,13.6,13.3,12.8,13.5,13.3,13.8,13.4,13.5,13.4,13.7,13.2,13.6,13.4,14.0,13.2,13.8,13.4,13.7,13.2,13.6,13.6,13.7,13.2,14.1,13.8,13.6,13.2,13.7,13.6,13.2,13.2,13.4,13.5,13.2,13.3,13.2,13.6,13.3,13.4,13.1,13.8,13.2,13.3,13.4,13.8,13.5,13.6,13.7,13.3,13.2,13.6,13.4,13.6,13.6,13.8,13.8,13.7,13.3,13.2,13.0,13.9,13.6,13.2,13.1,13.8,13.8,13.0,13.7,13.4,13.7,12.9,13.9,13.3,13.7,13.1,13.6,13.3,13.6,13.4,13.8,13.6,13.7,13.5,13.8,13.6,13.9,13.1,13.8,13.6,13.6,13.3,13.7,13.2,13.6,13.5,14.1,13.7,13.7,13.7,13.2,13.5,13.3,13.6,13.3,13.5,13.4,13.8,13.4,14.0,13.8,13.9,13.5,13.7,13.4,13.5,13.4,14.1,13.6,13.8,13.5,13.7,13.7,14.0,13.5,13.3,13.3,13.7,13.5,13.7,13.5,13.5,14.2,13.6,13.9,13.2,14.3,13.4,13.4,13.3,13.8,13.3,13.8,13.4,13.8,13.8,13.8,13.6,13.6,13.6,13.8,13.2,13.9,13.9,13.8,13.5,13.9,13.8,13.7,13.3,14.1,13.2,13.4,13.3,13.4,13.5,13.4,13.4,13.3,13.9,13.6,13.7,13.6,13.4,13.7,13.8,13.2,13.9,13.9,14.3,13.8,14.5,13.6,13.5,13.6,13.9,13.4,13.6,13.6,13.5,13.7,13.7,13.5,13.6,14.0,13.0,13.9,13.3,14.1,13.6,13.6,13.7,14.1,13.3,13.7,13.6,13.9,13.7,13.8,13.9,14.0,13.6,14.0,13.7,13.8,13.3,14.0,13.6,14.1,13.6,13.7,13.8,13.7,13.7,13.9,13.3,13.7,13.5,13.4,13.4,13.8,14.1,13.7,13.9,13.8,13.8,13.7,13.8,13.9,13.5,13.6,13.9,14.1,13.3,13.8,14.1,13.8,14.0,13.6,13.8,13.6,13.6,13.6,13.8,13.7,13.5,13.6,13.4,13.8,13.2,13.9,13.6,14.1,13.8,14.1,13.8,14.1,13.7,14.1,13.7,14.1,13.6,14.1,14.0,14.1,13.4,14.0,13.8,14.2,13.4,14.1,13.8,14.1,13.5,13.9,13.7,14.3,13.7,13.5,13.6,13.4,14.0,13.6,13.6,14.1,13.6,13.7,14.1,13.6,13.7,13.7,14.0,13.8,13.7,13.6,13.9,13.8,13.8,13.9,14.1,13.9,13.7,13.3,13.9,13.9,13.8,14.0,13.9,13.6,13.7,13.5,13.5,14.2,13.5,14.1,13.6,14.3,13.9,14.0,13.8,13.7,13.6,13.9,13.9,13.9,14.1,13.9,13.9,13.6,13.8,13.7,13.8,14.1,13.8,13.9,13.6,13.9,13.7,14.1,13.8,13.7,13.7,14.3,13.6,13.7,13.7,13.4,13.7,14.1,13.6,13.7,14.1,14.0,13.7,13.7,14.0,14.1,13.6,14.1,14.2,13.6,14.0,13.9,13.7,13.8,13.8,13.6,13.9,13.7,14.0,13.6,13.9,13.7,13.7,13.6,13.8,14.0,13.8,13.5,13.8,14.3,13.8,14.2,14.0,13.9,14.2,14.4,14.1,14.3,13.9,13.9,13.6,14.3,13.9,14.1,13.9,14.5,13.7,14.1,13.9,14.0,13.4,14.0,13.9,13.7,13.7,13.5,13.6,14.4,14.4,14.0,14.3,14.3,14.2,13.8,13.9,13.8,13.9,13.9,14.0,14.1,14.2,13.9,14.4,14.3,14.2,13.9,14.2,13.8,14.2,13.9,13.9,14.1,13.6,13.9,14.0,13.9,13.7,13.6,13.8,13.7,13.2,14.1,14.0,14.0,14.0,14.0,13.7,13.9,14.0,14.2,14.1,14.1,13.9,14.1,14.1,13.8,13.7,14.1,14.0,14.3,14.1,14.0,14.2,14.3,13.6,14.4,13.8,14.3,14.0,13.9,13.9,14.4,13.9,13.8,13.8,14.4,14.2,13.9,13.8,14.2,14.0,13.9,14.3,14.0,13.9,14.1,14.0,13.8,14.3,14.3,14.2,14.0,14.0,13.9,14.1,14.3,14.1,13.9,14.2,13.8,13.9,14.0,13.7,13.8,14.0,14.3,14.1,14.7,14.3,14.4,13.9,14.5,14.1,14.0,14.1,14.3,14.1,14.5,14.3,14.6,13.8,14.1,14.1,14.1,14.0,14.5,14.4,14.3,13.9,14.2,13.9,14.2,13.8,14.4,13.9,14.1,13.9,14.3,14.5,14.3,14.0,14.3,14.3,13.9,14.2,14.1,14.1,14.5,14.4,14.1,14.0,14.3,14.0,14.1,14.1,14.1,14.3,13.9,14.6,14.5,14.1,13.9,14.4,13.7,14.3,14.3,14.2"
0633,8/11/2022 12:12,55.33,31.7,"16.1,16.3,16.1,16.1,16.4,15.8,15.8,16.0,15.7,15.9,15.9,15.8,15.5,15.7,15.9,16.5,15.8,15.6,15.8,15.8,15.4,15.6,15.9,16.0,15.9,15.9,16.1,16.7,16.0,15.8,16.2,16.2,16.7,15.8,16.4,16.0,16.2,15.5,15.9,15.9,16.1,15.7,16.2,15.4,15.7,15.5,16.0,15.5,15.9,15.9,15.9,15.7,15.7,15.4,16.0,15.7,16.3,15.6,15.5,15.8,16.3,15.3,16.0,16.3,16.4,16.1,15.7,16.2,15.8,15.4,16.2,16.0,15.7,15.9,15.7,15.8,15.8,15.8,15.8,15.9,15.6,15.6,15.8,15.7,15.8,15.8,15.7,15.8,15.9,15.8,15.7,16.5,15.8,16.1,16.4,16.2,16.1,16.1,16.7,16.0,16.0,15.7,16.1,15.7,15.9,15.5,16.0,15.7,15.6,15.6,16.2,15.7,15.8,15.4,16.2,15.7,16.2,16.0,15.9,15.7,15.8,15.2,16.2,15.4,15.8,15.9,16.3,16.1,16.2,16.1,16.0,16.0,15.6,15.9,15.5,16.2,15.7,15.4,15.9,16.0,15.6,15.8,15.6,15.8,15.7,15.6,15.9,16.1,15.5,15.5,15.6,15.8,16.0,15.9,15.5,16.0,15.7,15.9,16.0,16.5,16.1,15.9,16.1,15.9,16.0,15.8,16.1,15.9,15.8,15.6,16.0,15.5,16.2,15.5,15.5,15.6,15.7,15.5,16.3,15.6,16.0,15.7,16.3,15.7,16.0,15.6,16.0,16.0,15.9,15.5,16.1,15.9,16.6,15.9,15.5,16.4,16.0,15.7,16.1,16.1,15.3,15.5,15.6,16.0,15.7,15.1,15.7,15.7,15.5,15.5,15.7,16.1,15.9,16.0,16.0,15.7,15.4,15.4,15.7,16.0,15.7,16.1,16.0,16.7,16.4,16.1,16.5,15.6,16.2,15.8,16.0,15.8,15.7,15.3,15.9,15.7,15.6,15.5,16.3,15.4,15.9,15.9,15.9,15.8,15.9,15.8,16.3,15.8,15.6,15.5,15.8,15.7,15.9,15.8,16.6,16.0,16.4,16.0,15.7,16.5,15.9,15.6,15.9,16.3,15.9,15.4,15.8,15.8,15.6,15.9,15.7,16.4,15.7,15.5,15.7,16.0,16.0,15.4,15.8,16.0,15.9,15.5,15.9,16.0,15.8,15.7,16.0,16.3,16.4,15.7,16.3,15.9,16.2,15.9,16.0,15.8,15.7,15.4,16.0,15.4,16.0,15.6,16.1,15.8,15.7,15.4,15.8,15.7,15.7,15.6,15.9,15.6,15.9,15.8,16.2,15.6,15.8,15.7,16.4,16.0,16.4,16.2,16.0,16.7,15.9,15.7,16.1,16.5,15.8,15.8,15.6,15.8,15.5,16.1,16.0,15.9,15.9,15.7,15.7,15.7,15.7,15.7,16.0,16.0,15.9,15.8,16.0,16.4,15.7,15.8,15.8,16.1,16.2,15.5,16.5,16.1,15.9,15.9,16.0,16.0,15.8,15.6,16.2,15.9,16.1,15.7,16.1,15.6,15.9,15.6,15.8,15.5,15.7,15.5,16.5,15.6,15.7,15.7,16.3,15.7,16.2,15.8,16.6,16.0,16.2,16.0,16.0,16.6,16.3,16.1,16.1,16.2,16.2,15.8,15.8,16.2,16.3,15.5,16.0,16.1,15.9,15.8,15.7,16.3,15.5,15.4,15.9,16.1,15.8,15.9,16.1,16.1,16.1,16.1,16.1,16.6,16.9,16.4,16.9,16.3,16.3,16.2,16.6,15.8,16.1,15.8,16.2,15.9,15.9,15.4,15.9,16.0,16.1,15.6,15.8,15.7,16.1,15.6,16.3,15.8,16.1,15.7,16.1,15.5,16.0,15.8,16.2,15.8,16.9,16.2,16.2,16.7,16.1,16.3,15.9,16.1,16.1,15.8,15.8,15.7,16.0,15.9,16.0,16.1,15.7,15.9,16.2,16.1,16.1,15.7,15.8,16.3,16.0,15.9,16.1,16.4,16.1,16.1,16.3,16.5,16.6,16.2,16.7,16.5,16.5,16.2,16.4,16.0,16.0,15.8,16.4,15.9,16.3,15.7,16.1,15.7,16.1,15.4,16.4,15.7,16.3,15.7,16.5,16.0,16.2,15.9,16.5,15.9,16.3,16.0,16.3,15.8,16.7,16.6,15.9,16.5,16.5,16.3,16.4,16.3,16.1,16.3,15.8,16.4,16.0,16.2,15.9,16.2,15.9,15.7,15.8,16.1,15.9,15.7,15.8,16.4,15.6,16.0,15.8,16.4,16.1,16.3,16.0,16.5,16.9,16.4,17.4,16.1,16.5,16.1,16.9,15.8,16.5,15.9,16.4,16.3,16.1,16.2,16.3,15.8,15.9,15.7,16.6,16.0,16.1,15.7,16.3,16.0,16.0,15.9,16.5,15.8,16.2,15.9,16.3,16.2,16.9,17.0,16.1,16.9,16.9,16.1,16.2,16.5,16.5,16.1,15.9,16.4,16.2,16.2,16.2,16.6,16.2,16.1,16.0,16.2,16.2,15.9,16.0,16.2,16.4,16.0,16.3,16.2,16.3,15.9,16.2,16.5,17.3,16.8,17.2,16.5,16.9,16.2,17.1,16.1,16.3,16.1,16.2,15.9,16.4,15.9,16.8,15.8,16.3,16.1,16.4,16.0,16.3,16.2,16.6,15.8,16.4,16.4,16.6,15.9,16.7,16.0,16.9,16.0,17.4,16.9,16.8,17.2,16.9,16.7,16.4,16.7,16.3,16.3,15.9,16.4,16.2,16.4,16.3,16.6,15.9,16.0,16.2,16.5,16.3,16.4,16.1,16.6,16.3,16.3,16.2,16.6,16.9,16.5,16.6,16.8,17.6,16.8,17.4,16.5,17.1,16.6,17.2,16.1,16.3,16.5,16.6,16.2,16.3,16.2,16.3,15.9,16.5,16.0,16.6,15.8,16.3,16.0,16.8,16.1,16.9,16.4,16.9,16.3,16.9,16.3,17.2,16.4,17.6,17.5,16.8,17.5,16.9,17.4,16.6,17.3,16.7,16.5,16.4,16.9,16.7,16.4,16.3,16.8,16.2,16.5,16.3,16.4,16.3,16.6,16.5,16.6,16.7,16.2,16.4,16.8,17.1,16.7,16.5,17.0,17.7,16.9,17.3,17.0,17.7,16.9,17.4,16.8,17.1,16.7,16.8,16.4,16.6,16.3,16.8,16.3,16.6,16.3,16.6,15.5,16.6,16.2,17.0,16.3,16.4,16.4,16.8,16.5,16.9,16.6,17.0,16.6"
0634,8/11/2022 12:14,54.67,32.52,"17.0,17.0,16.6,16.4,16.7,16.3,16.2,16.4,16.5,15.9,16.0,15.9,16.2,16.0,16.2,16.3,16.1,16.1,16.0,16.1,16.0,15.9,16.2,16.3,16.3,16.2,16.1,16.5,16.4,16.4,16.2,16.7,17.4,16.5,16.5,16.6,16.8,16.1,16.6,16.3,15.9,15.7,16.5,15.9,16.2,15.8,16.0,15.8,16.1,15.9,16.4,16.4,16.2,16.1,16.3,16.2,16.2,16.0,16.4,16.0,16.9,15.9,16.4,16.6,17.4,16.3,16.3,16.5,16.4,16.2,16.1,16.3,16.4,16.0,16.2,15.9,16.1,15.9,16.1,16.2,16.3,16.1,16.2,16.4,15.8,16.2,16.1,16.2,16.3,15.9,16.4,16.4,16.6,16.7,16.4,16.6,16.4,16.5,16.6,16.4,16.4,16.4,16.2,16.4,16.5,16.2,15.9,16.2,16.5,15.8,16.4,15.9,16.3,16.0,16.1,16.1,16.5,16.0,16.2,16.4,15.9,15.9,15.9,16.3,16.3,16.3,16.5,16.7,16.4,16.4,16.6,16.4,16.3,16.3,16.0,16.5,16.0,16.1,16.1,16.4,15.8,16.0,16.2,15.9,16.1,15.7,15.9,16.1,16.1,16.1,15.8,16.4,16.1,15.9,16.0,16.3,16.2,16.3,16.6,16.4,16.9,16.4,16.4,16.3,16.3,15.9,16.2,16.2,16.3,16.1,16.0,16.3,16.6,16.2,16.4,16.3,16.5,16.0,16.2,16.4,16.2,16.1,16.1,16.3,16.3,16.1,16.2,16.2,16.2,15.8,16.3,16.5,17.0,16.5,16.4,16.2,16.5,16.3,16.2,16.0,16.4,16.1,15.8,16.6,16.3,16.1,16.3,16.3,15.9,16.1,15.8,16.0,16.3,15.9,16.2,16.4,16.1,15.8,15.9,16.5,16.2,16.2,16.2,16.3,16.7,15.8,16.3,16.5,16.7,16.1,16.1,16.2,16.1,16.2,16.3,15.9,16.2,15.9,16.4,16.0,16.3,16.0,16.2,16.1,16.3,15.9,16.2,16.0,16.0,16.0,16.0,15.9,16.4,16.3,16.6,16.1,17.0,16.5,16.4,16.5,16.7,16.3,16.3,16.1,16.3,15.9,16.0,15.9,16.2,15.9,16.1,16.3,16.0,16.0,16.0,16.2,16.4,16.5,15.9,16.5,16.2,15.8,16.1,16.0,16.5,16.2,16.1,16.2,17.0,16.3,16.7,16.4,16.7,16.6,16.2,16.2,16.1,16.0,16.3,16.2,16.4,16.1,16.1,15.9,16.2,15.7,16.1,15.8,16.5,16.0,16.0,15.9,16.4,16.0,16.0,16.3,16.5,16.2,16.9,16.4,17.0,16.6,16.6,16.9,16.4,16.4,16.3,16.6,16.3,16.4,16.2,16.2,16.1,16.5,16.3,16.0,16.2,16.2,16.0,16.0,16.0,16.0,16.2,16.1,16.4,15.9,16.2,16.6,16.4,16.3,16.3,16.5,17.0,16.6,17.0,16.4,16.6,16.2,16.4,16.2,16.2,16.2,16.3,16.0,16.7,16.0,16.5,16.1,16.2,16.0,16.3,16.3,16.2,16.0,16.4,16.1,16.3,16.1,16.5,16.1,16.3,15.9,16.5,16.3,17.2,17.0,16.8,16.9,16.8,16.6,16.1,16.5,16.4,15.6,16.2,16.1,16.6,16.3,16.3,16.0,16.2,16.1,16.3,16.4,16.3,16.2,16.3,16.2,16.8,15.9,16.2,16.3,16.5,16.4,16.3,16.4,16.6,17.0,16.8,16.8,16.6,16.1,16.6,16.4,16.4,16.4,16.5,16.5,16.3,16.2,16.6,15.8,16.5,16.2,16.2,16.2,16.5,16.0,16.2,16.1,16.3,16.5,16.3,15.9,16.7,16.3,16.7,16.1,17.2,17.2,17.0,16.7,16.8,16.7,16.5,16.8,16.4,16.1,16.2,16.1,16.8,16.2,16.2,16.3,16.3,16.2,16.2,16.3,16.4,16.3,16.6,16.4,16.2,16.6,16.4,16.6,16.4,16.1,16.7,16.8,17.0,17.0,17.2,17.0,16.6,16.7,16.6,16.3,16.2,16.2,16.5,16.5,16.4,16.1,16.4,16.1,16.2,16.4,16.2,16.2,16.2,16.2,16.3,16.3,16.5,16.4,16.7,16.2,16.6,16.1,16.6,16.6,17.5,17.0,16.8,17.0,16.8,16.8,16.8,16.8,16.7,16.5,16.3,16.5,16.3,16.2,16.5,16.3,16.3,16.4,16.1,16.5,16.3,16.2,16.2,16.3,16.6,16.2,16.5,16.8,16.8,16.4,16.3,16.5,17.2,17.4,17.4,16.8,17.0,16.3,17.1,16.7,16.3,16.3,16.6,16.2,16.7,16.1,16.4,16.4,16.4,16.2,16.2,15.9,16.2,16.0,16.5,16.4,16.6,16.3,16.8,16.4,16.3,16.6,16.6,16.5,17.2,17.1,17.0,17.4,17.1,16.9,16.7,16.8,16.7,16.9,16.5,16.4,16.8,16.3,16.3,16.3,16.3,16.4,16.3,16.2,16.3,16.3,16.4,16.5,16.8,16.4,16.3,16.7,16.8,16.6,16.8,16.7,17.9,17.4,17.1,17.0,17.1,17.3,16.6,16.9,16.7,16.5,16.8,16.7,17.0,16.5,16.7,16.6,16.7,16.2,16.5,16.3,16.7,16.5,16.7,16.8,16.8,16.4,16.8,16.8,16.9,16.4,17.2,16.7,17.4,17.6,17.4,17.3,17.5,17.1,16.7,17.0,17.2,16.8,16.5,16.6,16.3,16.5,16.6,16.3,16.7,16.6,16.3,16.5,16.6,16.8,16.1,16.3,16.5,16.9,16.6,16.9,17.3,16.7,16.3,17.2,18.1,17.4,17.6,17.3,17.3,17.5,17.4,16.8,17.0,16.6,16.4,16.6,16.5,16.2,16.5,16.2,16.8,16.4,16.7,16.2,16.6,16.4,16.6,16.5,17.3,16.4,17.1,16.8,17.0,17.0,17.2,16.6,18.3,17.9,17.1,17.8,17.7,17.8,17.0,17.4,17.3,17.2,16.6,16.9,16.9,16.9,16.5,16.7,16.7,16.5,16.4,16.2,16.9,16.8,16.9,17.0,17.2,17.1,17.1,17.5,17.3,17.1,17.6,17.2,18.2,18.1,17.8,17.1,17.8,17.3,17.4,17.2,17.2,17.0,17.1,16.8,17.1,16.7,17.2,16.7,16.8,16.9,16.8,16.6,16.8,17.0,17.2,17.1,17.3,16.9,17.1,16.9,17.5,16.7,17.4,16.8"
0635,8/11/2022 12:16,52.48,33.06,"17.2,16.3,16.6,16.9,16.8,16.4,16.5,16.5,16.6,16.2,16.6,16.4,16.6,16.4,16.6,16.3,16.4,16.3,16.6,16.9,16.0,16.1,16.4,16.9,16.7,16.3,16.6,16.8,16.9,16.6,17.2,17.1,17.3,16.7,17.2,16.3,17.5,16.6,16.7,16.7,17.1,16.1,16.7,16.5,16.4,16.2,16.4,16.8,16.7,16.1,16.5,16.5,16.5,16.1,16.5,16.6,16.7,16.4,16.3,16.3,16.9,16.4,16.8,16.8,17.3,16.2,17.2,16.7,16.4,16.5,17.0,16.4,16.1,16.5,16.6,16.5,16.3,16.3,16.9,16.5,16.4,16.4,16.6,16.3,16.4,16.0,16.7,16.2,16.3,16.1,16.6,16.7,16.8,16.4,16.9,17.0,16.8,16.2,17.3,16.9,16.7,16.7,16.7,16.3,16.5,16.4,16.7,16.6,16.5,16.0,16.4,16.0,16.4,16.2,16.7,16.6,16.6,16.4,16.6,16.5,16.5,16.5,16.7,16.5,16.8,16.6,16.8,16.5,16.9,16.7,16.6,16.9,16.6,16.2,16.7,16.9,16.8,16.1,16.5,16.4,16.2,16.1,16.7,16.3,16.4,16.5,16.6,16.4,16.5,16.0,16.6,16.6,16.4,15.9,16.4,16.9,16.3,16.5,16.9,16.7,16.9,16.9,16.9,17.1,16.4,16.4,16.6,16.6,16.3,16.5,16.2,16.5,16.3,15.9,16.2,16.4,16.2,16.2,16.3,16.2,16.7,16.5,16.8,16.7,16.4,16.4,16.4,16.6,16.6,16.5,16.7,16.7,17.0,16.7,16.7,16.5,16.4,16.2,16.6,16.6,16.5,16.7,16.6,16.5,16.6,16.2,16.6,16.8,16.2,15.9,16.4,16.3,16.3,16.2,16.5,16.5,16.8,16.2,16.9,17.0,16.8,16.8,16.6,16.9,17.0,17.0,17.1,16.4,16.3,16.5,16.5,16.4,16.5,16.3,16.4,16.6,16.5,16.0,16.7,16.7,16.6,16.5,16.2,16.1,16.6,16.5,16.8,16.5,16.2,16.3,16.6,16.7,16.4,16.5,16.9,17.0,17.1,16.6,16.5,17.0,16.7,16.5,16.7,16.7,16.5,16.2,16.3,16.5,16.4,16.2,16.4,16.7,16.3,16.2,16.5,16.1,16.4,16.1,16.9,16.6,16.4,16.3,16.8,16.3,16.7,16.4,17.3,16.9,17.1,17.0,17.3,16.5,16.7,16.8,16.6,16.4,16.6,16.4,16.6,16.6,16.5,16.2,16.2,16.3,15.8,16.4,16.3,16.5,16.5,16.5,16.3,16.4,16.6,16.5,16.7,16.8,16.7,16.6,16.8,16.8,17.5,17.1,17.0,16.9,16.4,16.4,16.9,16.5,16.4,16.6,17.0,16.5,16.2,16.3,17.0,16.5,16.5,16.0,16.5,16.5,16.3,16.3,16.5,16.5,16.6,16.0,16.4,16.6,16.6,16.5,16.7,16.9,17.1,16.9,17.1,17.0,17.0,16.4,17.0,16.4,16.2,16.6,16.6,16.4,16.3,16.3,16.5,16.3,16.6,16.2,16.4,16.5,16.5,16.6,16.7,16.2,16.4,16.4,16.6,16.7,16.3,16.1,16.8,16.7,17.7,17.0,17.6,17.3,16.8,16.8,16.9,16.6,16.8,16.3,16.7,16.4,16.9,16.3,16.5,16.7,16.7,16.5,16.7,16.6,16.8,16.2,16.5,16.2,16.6,16.6,16.6,16.5,16.9,16.8,16.7,17.0,17.3,17.5,17.3,17.1,17.0,16.9,16.8,16.5,16.5,16.5,17.3,16.9,16.5,16.5,16.6,16.4,16.5,16.7,16.4,16.5,16.4,16.4,16.4,16.5,16.4,16.4,16.8,16.2,16.4,16.7,16.9,16.7,17.7,17.0,17.2,17.3,16.8,16.9,16.9,17.1,17.2,16.3,16.7,16.4,16.9,16.3,16.5,16.9,16.5,16.6,16.7,16.8,16.7,16.5,16.8,16.7,16.5,16.5,17.2,16.8,16.8,16.5,16.7,16.7,17.5,17.5,16.9,17.1,17.2,17.1,17.2,16.8,16.6,16.3,16.6,16.5,16.7,16.6,16.7,16.7,16.4,16.4,16.7,16.7,16.2,16.5,16.9,16.8,16.6,16.6,17.0,17.0,16.5,16.1,16.6,16.8,17.5,17.3,17.3,17.5,17.1,17.0,17.2,16.5,16.8,16.6,17.0,17.0,16.6,16.6,17.1,16.3,16.8,16.3,16.8,16.7,16.6,16.5,16.5,16.6,16.7,16.5,16.9,16.6,17.0,16.6,17.3,17.1,17.5,17.3,17.3,17.6,17.5,16.9,17.1,17.0,16.8,16.4,16.9,16.9,17.0,16.6,17.0,16.6,16.5,16.4,16.9,16.6,16.5,16.3,16.3,16.8,16.9,16.5,17.1,16.6,16.7,16.8,17.2,16.8,17.7,17.4,17.5,17.7,17.3,16.9,17.2,17.2,17.3,16.9,17.0,17.1,16.9,16.8,16.7,17.0,16.8,16.5,16.4,16.7,16.9,16.4,16.9,16.4,16.9,16.7,17.3,17.0,16.6,16.8,17.2,16.7,18.2,17.4,17.9,17.5,17.5,16.9,17.2,17.1,16.7,16.9,17.1,16.9,16.9,16.9,17.3,16.8,16.7,16.3,16.7,16.4,16.7,16.6,16.8,16.9,17.2,16.7,17.0,16.7,17.1,16.8,17.1,17.4,17.8,17.6,17.7,17.6,17.6,17.2,17.3,17.4,17.1,17.2,16.9,16.6,17.0,17.1,16.9,16.9,17.0,16.9,16.9,16.7,17.0,16.7,16.8,17.1,17.5,16.7,17.4,17.3,17.3,17.1,17.5,17.5,18.6,17.8,18.3,17.6,17.4,17.4,17.6,17.4,17.3,16.6,17.2,16.7,17.4,16.7,17.1,16.8,16.9,16.7,16.8,16.7,16.5,16.7,17.3,17.2,17.2,16.8,17.5,17.4,17.3,17.1,17.5,17.3,17.9,18.4,18.3,18.1,17.8,18.1,17.6,17.7,17.5,17.4,17.2,17.1,17.1,17.2,17.1,17.3,17.0,16.9,17.4,16.9,16.9,17.0,17.5,17.4,17.4,16.9,17.2,17.2,17.6,17.2,17.6,17.4,18.6,18.3,18.3,17.9,17.9,17.8,17.8,17.6,17.5,17.6,17.6,17.6,17.4,17.1,17.3,16.8,17.1,17.0,17.1,16.9,16.9,17.2,17.4,17.3,17.3,17.3,17.6,17.3,17.4,17.7,18.1,17.3"
0636,8/11/2022 12:18,50.65,33.66,"17.3,17.2,16.9,17.0,17.2,16.8,16.3,16.8,16.8,16.7,16.5,16.5,16.6,16.5,16.5,16.6,16.5,16.2,16.8,16.8,16.7,16.2,16.5,16.7,17.1,16.6,17.0,16.6,17.0,17.0,16.9,16.8,17.4,16.8,17.3,17.0,17.5,16.6,16.9,16.9,17.1,16.7,17.0,17.0,16.7,16.1,16.9,16.7,16.7,16.8,16.9,16.9,16.7,16.4,16.4,16.7,17.4,17.0,16.6,16.8,17.6,17.1,16.8,17.2,17.4,16.8,17.1,16.9,16.9,16.9,16.9,16.7,16.6,16.8,16.3,16.6,16.4,16.4,16.7,16.8,16.7,16.5,16.6,16.8,17.0,16.5,17.2,16.5,16.7,16.7,16.6,16.8,16.8,17.0,17.1,16.7,17.2,17.1,17.3,17.0,17.3,16.5,16.8,16.8,16.6,16.6,16.8,16.7,16.8,16.5,16.7,16.7,17.3,16.4,16.7,16.7,16.9,16.5,16.6,16.6,16.8,16.6,16.6,16.6,17.0,16.8,17.2,17.1,16.8,17.1,17.3,17.3,16.8,16.7,16.8,16.6,16.9,16.5,16.8,16.4,16.6,16.4,16.6,17.0,16.5,16.6,16.9,16.7,16.8,16.5,16.9,16.8,16.6,16.4,16.3,16.7,17.0,16.7,16.7,16.9,17.1,16.9,16.9,16.9,16.7,16.9,16.7,16.9,17.0,16.7,16.7,16.7,16.8,16.3,16.5,16.4,16.7,16.1,16.8,16.5,17.0,16.7,16.7,17.1,16.7,16.5,16.8,16.9,16.8,16.8,16.9,17.1,16.9,17.1,17.1,17.0,17.1,16.9,16.7,16.6,16.7,16.8,16.8,16.5,16.5,16.5,16.7,16.6,16.6,16.6,16.4,17.0,16.2,16.3,17.0,16.7,16.9,16.4,16.8,16.7,17.0,16.8,16.8,17.1,17.9,16.7,17.3,17.1,17.1,16.8,16.5,16.9,16.8,16.6,16.4,16.5,16.7,16.5,17.2,16.4,16.6,16.6,16.7,16.6,16.5,16.5,16.8,16.6,16.9,16.4,16.4,16.6,17.3,16.7,17.0,16.9,17.7,17.2,17.4,17.1,16.9,16.4,17.0,17.2,16.8,16.5,16.6,16.5,16.7,16.7,16.8,16.7,16.5,17.0,16.5,16.6,16.6,16.5,16.5,16.9,16.7,16.6,16.9,16.8,16.9,16.7,17.1,17.0,17.7,17.0,17.3,16.8,17.0,17.0,16.9,16.9,17.2,16.6,17.1,16.8,17.2,16.6,16.7,16.4,16.7,16.7,16.6,16.5,16.6,16.8,16.8,16.7,16.7,16.8,16.8,16.9,17.0,16.9,17.1,16.9,17.5,17.1,16.8,17.3,17.0,17.0,17.0,16.6,16.9,16.8,16.8,16.7,16.4,16.6,17.0,16.9,16.7,16.5,17.0,16.5,16.8,16.5,16.7,16.8,16.7,16.5,16.6,16.9,16.6,16.8,16.9,17.2,17.5,16.9,17.4,16.8,17.2,16.7,16.9,17.3,16.9,16.6,16.9,16.6,17.2,16.7,17.2,16.5,17.1,16.7,16.8,16.8,16.5,16.6,17.0,16.6,17.1,16.5,16.7,16.7,17.2,16.6,17.1,16.9,17.7,17.2,17.2,17.3,16.9,17.2,17.0,17.3,16.8,16.7,16.8,16.8,16.9,16.8,16.7,16.9,16.7,16.7,16.5,16.6,16.6,17.0,16.4,16.7,17.1,16.5,16.6,17.0,17.2,16.5,17.0,16.8,17.5,17.2,17.6,17.2,17.5,16.8,17.3,16.8,17.2,16.8,16.8,17.0,17.1,16.7,16.9,16.6,17.2,16.8,16.8,16.9,17.0,16.7,16.9,16.7,17.0,16.9,17.1,16.7,17.1,16.8,16.8,16.5,17.5,17.7,17.6,17.5,17.3,17.6,17.4,17.4,16.6,16.6,16.9,16.9,16.7,16.8,16.8,17.1,16.7,16.9,17.0,16.8,16.9,16.8,17.0,17.2,16.9,16.9,17.0,17.0,17.1,16.8,16.8,17.0,17.9,17.0,17.5,17.6,17.9,17.6,17.3,17.1,17.0,16.6,17.0,17.0,16.9,16.8,17.1,16.7,17.1,16.5,17.1,16.4,16.8,16.8,17.1,16.8,17.3,17.1,16.9,16.8,17.1,17.0,17.3,17.1,17.4,17.7,18.2,17.8,17.4,17.4,17.5,17.0,17.2,16.9,16.6,17.3,16.6,17.0,17.1,16.8,16.8,16.9,16.3,17.0,16.8,16.9,16.7,16.8,16.6,17.0,17.1,17.2,17.1,17.5,17.5,17.3,17.9,17.4,17.5,17.4,17.8,16.8,17.2,17.3,17.4,16.5,17.1,16.9,17.1,17.1,17.2,16.9,16.9,16.5,17.1,16.5,17.2,16.9,16.9,16.8,17.1,17.0,17.6,17.0,17.2,16.7,17.4,16.9,17.8,17.8,17.9,17.9,17.5,17.4,17.3,17.0,17.0,17.2,16.8,17.2,16.5,16.7,16.9,17.0,17.0,16.8,17.0,16.8,17.1,16.9,16.7,16.9,17.4,16.8,17.0,16.9,17.1,17.3,17.4,17.1,18.8,17.8,17.9,17.6,18.1,17.3,17.5,17.4,17.8,16.9,17.2,16.9,17.4,16.9,17.0,16.9,17.2,16.9,17.1,16.6,17.4,17.0,17.2,17.2,17.6,17.0,17.3,17.4,17.5,16.7,16.9,17.2,18.5,17.7,17.7,18.0,18.1,17.9,17.5,17.5,17.6,17.3,17.0,17.0,17.1,17.1,17.0,17.3,17.0,17.4,17.1,17.0,17.0,17.0,16.9,17.1,17.6,17.1,17.1,17.2,17.3,17.5,17.3,17.2,18.7,18.2,18.3,17.9,18.1,17.9,18.1,17.5,17.8,17.1,17.2,17.0,17.3,16.8,17.3,16.6,17.2,16.9,17.0,17.1,17.0,16.7,17.1,17.3,17.5,17.1,17.4,17.5,17.6,17.3,17.7,16.9,18.5,18.7,18.0,18.5,17.9,18.1,17.8,17.6,17.3,17.5,17.3,17.4,17.4,17.3,17.2,17.4,17.5,17.2,17.1,17.3,17.1,17.0,17.6,17.4,17.5,17.5,17.5,17.5,17.6,17.7,18.0,17.6,19.2,18.4,18.4,18.3,18.8,17.8,18.0,17.9,18.0,17.3,17.9,17.5,17.7,17.3,17.6,16.9,17.4,17.0,17.6,17.1,17.4,17.3,17.9,17.3,18.0,17.4,17.9,17.8,17.7,17.3,17.8,17.7"
0637,8/11/2022 12:20,49.02,34.05,"17.7,17.7,17.4,17.3,17.2,17.3,17.1,17.1,16.8,17.1,17.5,17.5,17.1,17.1,17.4,17.2,16.4,16.7,17.5,17.3,16.9,16.7,17.2,17.4,17.0,17.2,17.2,17.8,17.4,17.6,17.4,17.8,17.8,17.0,17.3,17.3,17.6,17.1,17.1,17.1,17.1,16.5,17.0,17.1,16.9,16.6,17.2,16.6,17.4,16.9,17.2,16.9,17.4,16.9,17.3,17.0,17.4,16.9,17.2,17.0,17.5,16.8,17.3,17.3,17.9,17.3,17.2,17.4,17.2,17.3,17.5,16.9,17.0,17.2,17.0,17.1,16.9,16.9,17.2,17.1,16.8,16.5,17.1,17.1,17.1,16.6,16.9,17.2,17.0,17.2,17.1,17.4,16.7,17.4,17.4,17.7,17.5,17.1,17.8,17.8,17.3,16.9,17.4,16.8,17.2,16.5,17.3,17.2,17.3,16.8,17.1,16.7,17.0,16.7,16.8,17.2,17.2,16.8,17.4,17.1,17.4,16.9,17.8,17.2,17.4,16.8,18.0,17.3,17.6,17.6,17.6,17.5,16.8,16.9,17.2,17.6,16.8,17.2,17.5,17.4,16.9,16.7,17.2,17.0,16.9,16.8,16.9,17.1,16.8,17.0,17.1,17.2,16.9,16.9,17.0,17.2,16.8,17.1,17.3,17.7,17.9,17.2,17.5,17.5,17.3,16.9,17.3,17.2,17.2,16.8,17.4,17.0,17.3,17.0,17.1,17.0,17.1,16.8,17.2,16.7,17.2,16.5,17.6,16.9,17.3,16.4,16.9,17.2,17.3,16.6,17.5,17.5,17.7,17.5,17.5,18.0,17.3,17.3,17.2,17.2,17.0,17.1,17.1,17.0,16.9,17.0,17.3,17.1,16.7,17.1,17.0,17.2,16.4,16.7,17.3,17.2,17.0,16.9,17.2,17.4,17.1,16.9,17.0,17.7,18.2,17.1,18.1,17.7,17.3,17.0,17.5,17.2,17.4,16.7,17.2,17.3,16.9,16.9,17.4,16.9,17.1,16.8,17.1,16.9,17.3,16.5,17.1,17.2,17.0,16.7,17.3,17.3,17.3,16.8,17.6,17.5,17.4,17.8,17.3,17.9,17.2,17.3,17.5,17.3,17.3,16.8,17.1,17.2,17.1,16.8,16.8,17.4,16.5,16.9,17.0,16.8,16.8,17.0,17.3,16.9,17.0,16.7,17.2,17.1,17.0,17.1,17.2,17.6,18.1,17.2,18.1,17.2,17.8,17.3,17.5,17.2,17.0,16.7,17.1,17.0,17.4,16.8,17.4,16.5,17.4,17.0,17.2,16.8,17.0,16.7,17.2,16.9,17.4,16.8,17.3,16.9,17.3,16.6,17.7,17.1,18.0,18.1,17.5,18.2,17.3,17.3,17.1,17.5,17.0,17.3,17.2,17.2,16.9,17.0,17.0,17.1,17.1,16.7,16.9,17.1,16.7,16.8,17.2,17.2,17.1,16.7,17.1,17.4,16.7,17.2,17.6,17.4,17.8,17.9,17.8,17.3,17.9,16.9,17.8,17.6,17.3,16.8,17.1,17.2,17.0,16.7,17.3,16.9,17.3,16.8,17.2,17.1,17.1,16.7,17.7,17.1,17.1,16.7,17.4,17.0,17.5,16.5,17.3,17.4,18.1,18.0,17.9,17.7,17.7,17.3,17.5,17.4,17.1,16.7,17.0,17.6,17.3,16.8,16.9,17.1,16.9,17.1,17.1,17.2,16.9,16.9,17.3,17.4,17.1,17.1,17.5,17.3,16.9,17.2,17.4,17.8,17.9,17.8,18.0,17.6,17.7,17.3,17.6,17.3,17.5,16.8,17.5,17.4,17.3,16.9,17.5,17.0,17.3,16.9,17.5,17.0,17.3,16.8,17.2,17.1,17.3,17.0,17.4,16.9,17.4,16.9,17.4,17.2,18.1,18.0,18.0,18.2,17.1,17.9,17.5,17.7,17.4,17.2,17.1,17.3,17.1,17.2,17.2,17.4,17.0,17.0,17.1,17.3,17.0,17.0,17.3,17.6,17.0,17.2,17.5,17.5,17.0,17.0,17.6,17.8,18.5,18.0,18.4,17.5,18.2,17.5,17.8,17.6,17.5,17.5,17.3,17.1,17.3,16.9,17.3,17.1,17.0,16.7,17.7,17.0,17.7,16.9,17.5,17.2,17.6,17.1,17.8,17.1,17.4,16.9,17.7,17.3,17.8,18.0,18.0,18.4,17.9,18.1,17.8,17.7,17.6,17.4,17.2,17.3,16.9,17.3,17.0,17.4,16.9,17.1,17.5,16.9,16.8,17.2,17.1,17.2,17.2,17.4,17.4,17.6,17.2,17.1,17.7,17.9,18.3,17.8,18.1,18.3,18.3,17.5,17.9,17.4,17.8,17.1,17.6,17.4,17.5,16.8,17.8,16.8,17.1,16.8,17.1,16.9,17.1,16.9,17.6,17.2,17.2,17.0,17.7,17.3,17.5,16.8,17.9,17.5,18.1,18.3,18.1,18.1,17.7,18.0,17.4,18.0,17.5,17.4,17.5,17.4,17.0,17.1,17.3,17.5,17.2,17.4,17.2,17.4,17.2,17.3,17.8,17.5,17.5,17.5,17.5,17.6,17.5,17.3,17.6,17.9,18.6,18.3,18.7,18.2,18.4,18.0,18.0,17.9,17.7,17.0,17.6,17.3,17.3,17.3,17.5,17.5,17.4,16.9,17.6,17.3,17.4,17.0,17.5,17.3,17.7,17.2,17.7,17.7,17.4,17.2,17.6,17.2,18.7,18.3,18.5,18.8,17.8,18.3,18.4,17.9,17.5,17.8,17.2,17.5,17.1,17.4,17.4,17.6,17.4,17.2,17.1,17.5,17.4,17.4,17.3,17.7,17.7,17.7,17.8,17.9,17.5,17.7,17.9,17.6,19.0,18.7,19.0,18.2,18.7,17.7,18.3,18.0,17.9,17.4,17.7,17.7,17.7,17.2,17.8,17.2,17.8,17.2,17.5,17.1,17.6,17.4,17.8,17.5,18.0,17.4,18.1,17.8,18.2,17.7,18.3,17.7,19.0,18.9,19.2,19.0,18.5,18.6,18.5,18.4,17.6,17.9,18.0,17.9,17.7,17.8,17.8,17.6,17.4,17.5,17.7,17.5,17.4,17.7,17.7,18.0,17.5,17.8,17.9,18.3,17.8,17.8,18.6,18.6,19.1,18.9,19.0,18.4,19.1,18.4,18.7,18.1,18.7,17.7,18.1,17.8,18.0,17.8,17.7,17.7,17.7,17.1,18.2,17.4,17.7,17.7,18.4,17.6,18.2,17.5,18.1,17.8,18.1,17.5,18.6,17.9"
0638,8/11/2022 12:22,48.91,34.44,"18.7,18.1,18.4,17.7,17.7,17.5,17.6,17.4,17.0,16.9,17.3,17.4,17.1,17.0,17.8,17.1,17.4,16.7,17.4,17.3,17.4,16.9,17.2,17.4,17.6,16.8,17.7,17.4,17.8,17.1,17.6,17.5,18.5,17.6,17.8,17.9,17.5,17.1,17.3,17.5,17.3,17.3,17.6,17.5,17.3,17.2,17.2,17.1,17.1,17.5,17.3,17.3,17.2,17.1,17.1,17.6,17.2,17.3,17.2,17.6,17.5,17.4,17.7,17.9,18.6,17.8,18.1,17.6,17.4,17.5,17.5,17.5,17.5,17.1,17.2,17.1,17.9,17.2,17.0,17.5,17.2,16.9,17.7,17.1,17.4,17.0,17.2,17.0,17.4,17.0,17.7,17.3,17.6,17.2,17.8,17.5,17.7,17.8,17.8,17.8,17.7,17.1,17.4,17.3,17.1,17.3,17.2,17.1,17.2,17.0,17.5,17.1,17.5,17.1,17.2,17.3,17.2,17.1,17.5,17.4,17.5,16.9,17.4,17.4,17.4,17.2,17.8,17.9,18.3,17.3,18.0,17.7,17.9,17.3,17.5,17.5,17.2,17.1,17.6,17.5,17.3,17.0,17.4,17.4,17.3,17.0,17.5,17.2,17.0,16.9,17.5,17.3,17.4,16.9,17.4,17.3,17.4,17.2,18.0,17.7,17.6,17.8,17.7,17.5,17.5,17.3,17.8,17.2,17.5,16.9,17.3,17.3,17.4,17.4,17.3,17.6,17.2,16.9,17.3,17.3,17.5,16.9,17.1,17.6,17.0,17.0,17.2,17.8,17.7,17.0,17.7,17.7,18.4,17.4,17.8,17.8,17.7,17.3,17.8,17.6,17.4,17.1,17.2,17.2,17.5,16.7,17.5,17.2,17.3,17.0,17.1,17.3,17.5,16.9,17.4,17.3,17.2,16.8,17.2,17.2,17.1,16.7,17.7,17.5,18.2,17.5,17.9,17.7,17.2,17.4,17.4,17.4,17.1,17.2,17.3,17.3,17.0,17.1,17.2,17.2,17.0,17.1,17.2,17.1,17.4,17.1,17.4,17.2,17.3,17.0,17.2,17.4,17.4,17.4,17.6,17.5,18.2,17.8,17.8,17.5,17.4,17.1,17.7,17.4,17.6,17.3,17.0,16.9,17.5,16.7,17.4,17.3,17.3,17.0,17.0,17.1,17.2,17.1,17.3,17.0,17.3,16.6,17.5,17.5,17.5,17.2,17.8,17.4,18.3,18.0,17.9,17.8,17.9,17.3,18.0,17.5,17.4,17.1,17.3,17.2,17.7,17.2,17.0,17.1,17.2,17.2,17.3,17.4,17.1,17.3,17.5,17.2,17.3,17.2,17.0,17.5,17.5,17.0,17.6,17.8,18.2,18.3,17.9,18.0,17.7,17.5,17.4,17.2,17.4,17.2,17.3,17.5,17.2,17.3,17.6,17.2,17.3,17.2,17.2,17.4,17.1,16.9,17.7,17.4,17.3,17.3,17.5,17.3,17.3,17.3,17.6,17.0,18.0,17.9,18.3,18.1,17.7,17.7,18.0,17.3,17.3,17.2,17.5,17.2,17.5,17.1,17.4,17.2,17.2,17.4,17.1,17.2,17.2,17.1,17.3,17.2,17.4,17.1,17.5,17.5,17.5,17.1,17.6,17.8,18.7,18.5,18.1,18.2,17.9,17.4,17.6,17.8,17.5,17.3,17.3,17.7,17.7,17.1,17.7,17.5,17.5,17.4,17.5,17.2,17.3,17.0,17.5,17.3,17.7,17.2,17.4,17.2,17.5,17.0,17.7,17.9,18.3,18.0,18.0,17.9,18.0,17.9,17.9,17.9,17.1,17.6,17.2,17.3,17.6,17.1,17.6,17.3,17.2,16.9,17.5,17.1,17.4,17.2,17.5,17.3,17.2,17.2,17.3,17.3,17.6,17.1,17.6,17.6,18.7,17.8,18.2,18.0,18.1,17.7,18.1,17.7,17.7,17.2,17.7,17.4,17.7,17.1,17.5,17.6,17.4,17.4,17.5,17.4,17.4,17.1,17.8,17.5,17.5,17.1,17.7,17.6,17.4,17.1,17.9,17.6,18.7,18.2,18.2,18.3,18.0,18.3,17.7,17.7,17.7,17.2,17.6,17.5,17.4,17.4,17.4,17.4,17.5,17.5,17.4,17.2,17.3,17.0,17.6,17.6,17.4,17.5,17.5,17.4,17.5,17.3,17.4,17.7,18.7,18.2,18.0,18.0,18.1,18.1,18.0,17.9,17.8,17.1,17.4,17.8,17.7,17.3,17.6,17.3,17.5,17.0,17.8,17.2,17.4,17.0,17.4,17.3,17.8,17.1,17.6,17.5,17.6,17.2,18.0,17.7,18.5,18.5,18.6,18.3,18.1,18.1,18.1,17.9,17.8,17.5,17.5,17.7,17.4,17.4,17.4,17.2,16.9,17.5,17.2,17.5,17.2,17.3,17.7,17.9,17.7,17.5,17.8,17.2,17.2,17.4,17.3,17.7,18.8,18.3,18.3,18.7,18.4,17.8,18.0,17.5,18.3,17.8,17.4,17.8,17.8,17.4,17.7,17.5,17.4,17.2,17.3,17.5,17.4,17.0,17.3,17.7,17.9,17.4,17.6,17.8,17.8,17.4,17.8,18.1,19.1,18.5,18.9,18.2,18.4,18.4,18.1,18.0,17.8,17.6,17.7,17.2,17.5,17.4,17.3,17.6,17.3,17.3,17.7,17.4,17.7,17.4,17.8,17.7,17.8,17.8,17.5,17.8,17.7,17.8,17.8,18.1,19.4,18.5,18.7,18.8,18.5,18.1,18.6,18.2,18.3,17.8,17.8,17.9,17.7,17.3,17.7,17.7,17.8,17.5,17.7,17.6,17.8,17.3,17.9,18.0,18.1,17.4,18.0,17.9,17.9,17.7,18.1,18.2,18.9,18.9,18.8,19.1,18.5,18.3,18.4,18.2,18.0,18.0,17.9,17.6,17.7,17.6,17.9,17.1,17.7,17.8,17.4,17.5,17.5,17.5,17.8,17.9,18.0,17.7,18.4,18.2,18.2,17.9,18.5,17.9,19.2,19.4,19.4,19.0,18.9,18.8,18.5,18.2,18.0,17.8,17.8,18.1,17.9,17.7,18.0,18.0,18.0,17.6,17.9,17.7,17.8,17.9,18.1,18.3,18.5,17.8,18.5,18.1,18.4,18.5,19.0,18.1,19.3,18.8,18.9,19.3,18.9,18.8,18.5,19.0,18.3,18.0,18.0,17.9,18.4,17.9,17.8,17.9,17.6,17.6,18.1,17.7,17.6,17.9,18.5,18.0,18.3,18.3,18.2,18.3,18.1,17.9,19.1,18.3"
0639,8/11/2022 12:24,48.22,34.74,"17.8,17.7,17.5,18.1,17.9,17.7,17.5,17.8,16.8,17.3,17.2,17.4,17.1,17.0,17.5,17.5,17.4,17.1,17.6,17.1,17.0,17.5,17.2,17.6,17.6,17.4,17.4,17.6,17.3,17.7,17.8,17.9,18.4,17.8,17.9,17.6,17.9,17.3,17.5,17.8,17.5,16.7,17.7,17.4,17.4,16.9,17.4,17.3,17.5,17.3,17.5,17.3,17.6,16.8,17.2,17.4,17.8,16.9,17.6,17.6,17.7,17.2,17.7,18.1,17.8,17.7,18.1,17.8,17.2,17.7,17.5,17.3,17.3,17.3,17.5,17.5,17.0,17.2,17.4,17.4,17.4,16.9,17.4,17.2,17.2,17.4,17.2,17.2,17.3,17.2,17.9,17.4,17.3,17.8,17.8,18.1,18.3,17.5,18.0,17.8,18.1,17.1,17.4,17.7,17.9,17.3,17.4,17.5,17.6,17.1,17.5,17.4,17.3,17.1,17.5,17.5,17.6,17.1,17.1,17.4,17.7,17.1,17.6,17.4,17.8,17.4,17.7,17.7,18.0,18.0,18.0,17.9,17.5,17.5,17.3,17.7,17.2,17.3,17.4,17.5,17.2,17.2,17.3,17.5,17.0,17.2,17.4,17.4,17.3,17.1,17.2,17.7,17.2,17.3,17.4,17.5,17.2,17.1,17.8,17.4,18.0,17.8,17.9,17.9,17.7,17.1,17.4,17.8,17.7,16.9,17.3,17.3,17.6,16.7,17.4,17.3,17.4,16.9,17.3,17.6,17.5,17.2,17.7,17.3,17.3,16.9,17.4,17.6,17.7,17.0,17.7,18.3,17.9,17.4,17.8,17.6,17.5,17.7,17.5,17.5,17.5,17.9,17.4,17.4,17.2,17.3,17.3,17.6,17.2,17.3,17.3,17.5,17.4,17.1,17.5,17.5,17.1,17.2,17.6,17.6,17.3,17.5,17.7,17.9,18.4,17.7,17.9,17.7,18.0,17.2,17.4,18.0,17.3,17.0,17.3,17.6,17.2,17.2,17.4,17.4,17.8,17.2,17.4,17.0,17.5,16.9,17.4,17.5,17.7,16.7,17.6,17.8,17.8,17.0,17.6,17.7,17.5,17.7,18.0,17.9,17.4,17.3,17.7,17.6,17.2,17.7,17.6,17.3,17.2,17.2,17.5,17.4,17.2,17.2,17.5,17.5,17.3,17.3,17.2,17.3,17.3,17.2,17.5,17.5,17.3,17.4,18.0,17.6,18.3,17.8,18.3,17.8,17.9,17.2,17.6,18.1,17.6,17.2,17.4,17.5,17.7,17.1,17.1,17.4,17.6,17.1,17.4,17.1,17.3,17.0,17.4,17.4,17.7,17.3,17.6,17.2,17.7,17.3,18.0,18.0,18.2,18.0,17.7,18.6,17.5,17.5,17.6,17.8,17.3,17.6,17.7,17.2,16.9,17.5,17.2,17.6,17.2,17.4,17.3,17.6,17.2,17.5,17.6,17.5,17.2,17.5,17.4,17.4,17.3,17.3,17.6,17.6,18.7,17.9,17.9,17.7,18.1,17.8,17.7,17.7,17.7,17.3,17.2,17.3,17.5,17.4,17.4,17.4,17.5,17.1,17.2,17.4,17.2,17.2,17.7,17.5,17.8,16.9,17.4,17.3,17.8,17.0,17.8,17.6,18.4,18.2,18.3,17.9,18.0,17.6,18.0,17.8,17.4,17.4,17.7,17.6,17.4,17.3,17.4,17.9,16.9,17.6,17.4,17.7,16.9,16.9,17.4,17.4,17.6,17.2,17.6,17.6,17.4,17.6,17.9,17.5,18.5,18.0,18.2,17.9,18.0,17.6,17.7,18.0,17.8,17.4,17.4,17.4,17.5,17.0,17.5,17.7,17.5,17.5,17.2,17.5,17.6,17.3,17.0,17.4,17.8,17.1,17.7,17.4,17.7,17.1,17.8,17.4,18.4,18.2,18.3,18.2,18.0,18.1,18.2,18.0,17.7,17.4,17.4,17.2,17.4,17.5,17.4,17.9,17.1,17.7,17.6,17.5,17.3,17.4,17.7,17.5,17.4,17.7,17.6,17.8,17.6,17.3,17.7,17.8,18.9,18.4,18.2,18.3,18.4,17.7,17.7,17.9,18.0,17.3,17.5,17.5,17.6,17.4,17.7,17.5,17.7,16.9,17.4,17.5,17.7,17.2,17.8,17.4,17.6,17.4,17.6,17.6,17.9,16.8,17.8,17.8,18.4,18.4,18.6,18.4,18.3,18.3,17.9,18.1,17.5,17.7,17.6,17.8,17.1,17.8,17.7,17.7,17.4,17.4,17.7,17.6,17.3,17.4,17.4,17.3,17.5,17.5,17.5,18.0,17.5,17.8,18.2,17.7,19.1,18.2,18.5,18.5,18.3,17.9,17.6,17.9,18.1,17.2,17.8,17.8,18.0,17.3,17.6,17.3,17.4,17.3,17.6,17.7,17.6,16.9,17.4,17.6,17.4,17.5,17.8,17.6,17.7,17.2,17.9,17.9,18.7,18.9,18.5,18.7,18.4,18.2,17.8,18.1,17.8,17.6,17.8,18.2,17.4,17.4,17.4,17.5,17.5,17.6,17.5,17.4,17.2,17.3,17.6,17.8,18.0,17.8,18.0,17.8,17.8,17.6,17.8,18.1,19.2,18.2,18.6,18.8,18.8,18.0,18.9,18.4,18.2,17.6,17.9,17.8,17.8,17.8,17.8,17.8,17.7,17.4,17.8,17.5,17.7,17.7,17.9,17.6,18.0,17.3,17.9,17.8,18.2,17.6,18.2,17.9,18.8,18.6,18.6,19.0,18.5,18.7,18.5,18.7,17.8,17.9,17.9,17.6,17.4,17.7,17.9,17.9,17.8,17.5,17.9,17.7,17.5,17.5,17.4,17.9,17.8,17.8,18.2,17.7,17.9,18.3,17.9,18.2,19.6,18.1,19.0,18.9,18.9,18.3,18.8,18.4,18.5,17.7,17.8,17.9,18.0,17.4,17.8,17.9,18.3,17.9,17.7,17.6,18.1,17.2,17.9,18.0,18.4,17.7,18.4,18.2,18.8,17.7,18.3,17.9,19.6,19.5,19.4,19.4,18.5,18.8,18.7,18.4,18.4,18.4,18.1,18.2,17.6,18.1,18.2,18.2,17.4,17.8,18.0,17.8,18.0,17.6,18.4,18.3,18.0,17.9,18.6,18.5,18.4,18.0,18.3,18.5,20.3,19.5,19.4,19.3,19.7,18.6,18.7,18.6,18.7,17.8,18.2,17.9,18.3,17.7,18.0,18.0,18.2,17.8,17.9,18.1,18.5,18.0,18.5,18.1,18.9,18.1,18.2,18.5,18.5,18.1,19.0,18.5"
0640,8/11/2022 12:26,48.03,35.04,"19.3,19.2,19.7,19.3,19.2,19.0,19.1,19.3,19.2,19.2,18.8,19.6,19.1,19.2,19.3,19.3,19.0,19.3,19.5,19.5,19.4,19.1,19.4,20.0,19.6,19.7,19.5,19.7,19.7,19.3,19.8,19.9,19.6,19.0,19.3,19.0,19.7,18.9,19.6,19.5,19.2,18.8,19.3,19.2,19.4,19.0,19.4,19.3,19.3,19.3,19.6,19.5,19.3,19.1,19.5,19.0,19.7,19.3,19.4,19.1,20.0,19.1,19.9,19.5,19.7,19.3,19.4,19.2,19.2,19.2,19.2,19.2,19.1,19.3,18.9,19.7,19.3,19.1,19.2,19.5,19.6,19.2,19.4,19.8,19.0,19.4,19.3,19.4,19.4,19.4,19.5,19.9,19.3,19.5,19.3,19.9,19.5,18.9,19.5,19.4,19.4,19.0,19.3,19.6,19.5,18.9,19.2,19.5,19.4,19.0,19.3,19.3,19.8,19.2,19.5,19.3,19.4,19.4,19.3,19.4,19.5,19.3,19.6,19.1,19.1,19.1,19.7,19.7,19.4,19.1,19.4,19.9,19.6,19.2,18.9,19.3,19.4,19.1,19.4,19.3,19.5,19.3,19.3,19.5,19.2,19.3,19.4,19.6,18.8,19.3,19.1,20.1,19.3,19.3,19.6,19.8,19.5,19.2,19.5,20.0,19.6,19.2,19.7,19.4,19.4,19.2,19.6,19.3,19.3,19.1,19.4,19.4,19.5,19.0,19.4,19.1,19.3,19.2,19.5,19.6,19.6,19.2,19.8,19.4,19.6,19.2,19.5,19.2,19.5,19.3,20.0,19.8,19.7,19.2,19.5,19.5,19.4,19.4,19.5,19.5,19.3,19.1,19.1,19.2,19.4,19.2,19.3,19.5,19.4,19.1,19.3,20.0,19.4,19.2,19.4,19.5,19.4,19.2,19.4,19.4,19.5,19.5,19.3,20.0,20.0,19.2,19.6,19.4,19.7,19.3,19.6,19.3,19.7,19.3,19.2,19.1,19.4,19.1,19.7,19.4,19.5,19.5,19.6,19.2,19.2,19.1,19.5,19.5,19.4,19.3,19.5,19.2,19.6,19.2,20.1,19.8,19.6,19.5,19.5,19.8,19.5,19.2,19.7,19.3,19.6,19.2,19.3,19.5,19.6,19.4,19.1,20.0,19.4,19.1,19.6,19.3,19.6,19.2,19.6,19.4,19.5,19.3,19.1,19.6,19.6,19.2,19.3,19.9,20.0,19.1,19.8,19.3,19.5,19.6,19.4,19.3,19.2,19.5,19.6,19.4,19.4,19.3,19.4,19.2,19.5,19.4,19.5,19.3,19.5,19.4,19.5,19.3,19.9,19.7,19.7,19.3,19.9,19.4,19.6,19.6,19.3,19.6,19.6,19.7,19.2,19.6,19.7,19.7,19.1,19.3,19.4,19.6,19.5,19.3,19.7,19.7,19.2,19.4,19.1,19.4,19.2,19.2,19.4,19.8,19.4,19.4,19.3,19.4,19.6,19.5,19.5,19.9,20.3,19.6,20.1,19.4,19.8,19.2,19.3,19.7,19.5,19.2,19.6,19.5,19.4,19.5,19.6,19.2,19.6,19.3,19.8,19.4,19.2,19.2,19.7,19.5,19.6,19.3,19.9,19.4,19.5,19.3,20.0,19.9,20.0,19.3,19.6,20.2,19.6,19.2,19.4,19.6,19.3,18.9,19.4,19.5,19.6,19.2,19.4,19.7,19.6,19.3,19.6,19.5,19.5,19.6,19.6,19.7,19.8,19.6,19.7,19.9,19.5,19.6,19.5,19.7,20.3,19.5,19.7,19.6,19.8,19.4,19.7,19.3,19.4,19.0,19.5,19.3,19.8,19.2,19.3,19.7,19.6,19.3,19.7,19.1,19.7,19.3,19.7,19.2,19.7,19.1,19.6,19.5,19.6,19.3,19.7,19.3,20.0,20.0,19.5,20.1,19.4,19.5,19.6,19.5,19.5,19.5,19.4,19.8,19.3,19.3,19.2,19.6,19.6,19.8,19.6,19.8,19.8,19.3,19.7,19.9,19.6,19.6,19.7,19.9,19.8,19.5,19.3,19.9,19.8,19.6,19.7,19.6,19.8,19.8,19.6,19.5,19.3,19.4,19.3,19.2,19.5,19.4,19.6,19.6,19.7,19.3,19.7,19.3,19.5,19.6,19.8,19.4,19.8,19.4,19.8,19.7,19.9,19.3,20.0,19.6,20.0,20.4,19.5,20.1,19.9,19.8,19.7,19.7,19.6,19.5,19.5,19.8,19.5,19.7,19.5,19.7,19.5,19.4,19.3,19.6,19.5,19.6,19.3,19.5,19.4,19.7,19.4,20.3,19.6,19.8,20.0,19.8,20.0,20.0,19.8,19.2,19.6,19.8,19.9,19.5,19.3,19.1,19.5,19.4,19.7,19.2,19.4,19.3,19.3,19.3,19.6,19.4,19.4,19.4,19.7,19.5,19.8,19.6,20.1,19.2,19.9,19.6,19.9,19.4,19.9,19.6,20.0,20.2,20.0,19.7,19.8,19.9,19.7,19.6,19.1,19.6,19.4,19.5,19.1,19.5,19.5,19.6,19.7,19.7,19.5,19.8,19.6,20.0,19.9,19.9,19.6,20.2,20.2,19.8,19.7,20.0,20.4,20.3,20.2,20.1,20.1,19.7,20.1,19.8,19.4,19.4,19.6,19.3,19.8,19.3,19.7,19.2,19.6,19.3,19.6,19.5,19.7,19.2,19.9,19.8,19.9,19.6,20.2,19.6,20.1,19.6,20.1,19.6,20.2,20.0,20.2,19.9,20.4,19.4,19.5,20.2,19.6,19.9,19.4,19.9,19.5,19.3,19.8,19.8,19.9,19.6,19.8,19.5,19.9,19.9,19.7,20.1,20.3,19.6,20.2,20.3,20.4,20.0,19.9,20.2,21.0,20.3,20.6,20.2,20.4,20.2,20.4,19.7,20.0,19.7,19.5,19.4,19.7,19.4,19.7,19.4,20.0,19.8,19.9,19.5,19.6,19.6,19.8,19.7,20.2,19.8,20.3,20.1,20.1,20.3,20.7,19.4,20.8,20.7,20.5,21.0,20.5,20.1,20.0,20.3,19.9,19.8,20.0,19.8,20.1,20.0,19.8,19.9,19.8,19.5,19.9,19.9,20.0,19.9,19.8,20.4,20.4,20.1,20.2,20.8,19.7,20.2,20.6,20.5,20.7,20.5,20.3,20.2,20.4,20.2,20.4,19.9,20.2,19.9,19.8,19.7,20.2,19.7,19.9,19.7,20.0,19.6,20.2,19.5,20.1,19.6,20.3,19.9,20.1,20.5,20.6,20.4,20.2,20.1,20.8,20.1"
0641,8/11/2022 12:28,47.9,35.34,"19.0,18.4,18.7,18.4,18.6,18.2,18.7,18.5,18.6,18.3,18.5,18.6,18.3,18.0,18.7,18.5,18.6,18.1,18.6,18.3,18.3,18.1,18.6,18.2,18.7,18.4,18.6,19.0,18.9,18.5,19.4,19.3,19.4,19.2,18.9,18.4,18.5,18.5,18.4,18.3,18.7,18.3,18.4,18.7,18.1,18.2,18.4,18.5,18.1,18.1,18.7,18.7,18.6,18.2,18.5,18.8,18.2,18.1,18.5,19.0,18.8,18.3,18.9,19.3,19.0,18.1,18.8,18.8,18.4,18.2,18.9,18.7,18.6,18.0,18.6,18.7,18.5,18.2,18.6,18.2,18.0,18.5,18.5,18.5,18.6,18.2,18.6,18.6,18.2,18.2,18.7,19.0,18.3,18.5,18.7,18.8,18.8,18.7,19.4,19.0,18.6,18.3,18.8,18.9,18.3,18.3,18.4,18.7,18.4,18.4,18.9,18.2,18.5,18.1,18.6,18.7,18.5,18.3,18.7,18.4,18.5,18.1,18.6,18.8,18.8,18.8,18.7,19.3,18.9,18.2,19.0,18.9,18.6,18.5,18.9,18.9,18.4,18.1,18.8,18.7,18.4,18.2,18.8,18.5,18.4,18.1,18.4,18.7,18.3,18.3,18.6,18.5,18.7,18.0,18.6,18.8,18.6,18.3,18.9,19.0,18.7,19.0,19.1,18.9,18.5,18.1,18.6,18.8,18.3,18.3,18.7,18.9,18.4,18.2,18.4,18.4,17.9,18.1,18.6,18.6,18.5,18.3,18.7,18.8,18.3,18.4,18.9,19.0,18.5,18.4,18.9,18.8,19.3,18.6,18.9,19.2,18.7,18.5,18.8,18.7,18.7,18.1,18.4,18.6,18.5,18.1,18.3,18.5,18.4,18.1,18.6,18.9,18.6,17.9,18.6,18.7,18.4,18.3,18.8,18.8,18.5,17.9,19.0,18.9,19.1,19.1,19.3,18.9,18.6,18.2,18.8,18.6,18.3,18.4,18.9,18.6,18.2,18.0,18.9,18.4,18.3,18.5,18.4,18.4,18.7,18.4,18.6,18.6,18.1,18.2,18.4,18.6,18.8,18.4,19.0,18.7,19.6,18.9,19.2,18.9,18.2,18.1,19.1,18.9,18.6,18.3,18.8,18.5,18.5,17.7,18.6,18.6,18.0,18.2,18.3,18.3,18.4,18.2,18.7,18.6,18.5,18.2,18.9,18.7,18.5,18.2,19.2,19.0,19.0,19.0,19.1,19.2,19.1,18.7,18.6,18.9,19.0,18.3,18.7,18.7,18.8,18.4,18.6,18.4,18.2,18.1,18.1,18.6,18.3,18.4,18.7,18.4,18.5,18.4,18.4,18.7,18.5,18.4,18.9,18.8,19.2,19.0,19.1,19.4,18.9,18.5,19.0,18.8,18.7,18.6,18.7,18.7,18.3,18.3,18.7,18.6,18.4,18.2,18.4,18.6,18.7,18.0,18.4,18.5,18.5,18.0,18.7,18.7,18.7,18.3,18.8,19.0,19.2,18.6,19.2,19.1,18.7,18.6,18.7,18.9,18.2,18.4,18.6,18.7,18.7,18.4,18.6,18.6,18.7,18.4,18.5,18.6,18.3,18.4,18.5,18.5,18.1,18.4,18.7,18.7,18.6,18.5,18.9,19.2,19.6,18.7,19.3,18.9,18.9,18.6,19.2,19.0,18.4,18.0,18.7,18.8,18.8,18.0,18.4,18.9,18.6,18.0,18.4,18.7,18.7,18.1,18.8,18.9,18.6,18.4,18.8,18.8,18.6,18.4,18.9,19.0,19.2,19.4,19.4,19.1,19.2,18.8,18.7,18.8,18.7,18.4,18.8,18.8,18.5,18.5,18.5,18.6,18.3,18.7,18.6,18.7,18.3,18.5,18.5,18.6,18.3,18.6,18.7,18.9,18.8,18.5,19.0,18.8,19.2,18.9,19.2,19.6,18.9,18.9,19.0,19.0,18.7,18.3,19.1,18.6,18.7,18.2,18.6,18.9,18.1,18.7,18.4,18.7,18.8,18.0,18.8,18.9,18.9,18.3,18.8,18.8,18.6,18.3,18.9,19.0,19.2,19.2,18.9,19.3,19.0,18.9,18.9,19.3,18.4,18.6,18.5,18.9,18.6,18.7,18.8,18.7,18.9,18.7,18.9,18.5,18.5,18.2,18.6,18.9,19.0,18.7,19.1,18.8,18.5,18.1,19.0,18.9,19.6,19.4,19.6,19.6,19.1,19.1,19.2,19.0,18.6,18.4,18.5,18.5,18.8,18.3,18.7,18.7,18.5,18.2,18.7,18.6,18.5,18.4,18.8,18.7,18.5,18.7,19.2,19.0,18.8,18.4,19.3,18.9,19.4,18.9,19.5,19.7,19.3,19.3,19.1,18.7,18.9,18.7,18.6,18.6,18.5,18.3,18.8,18.3,18.4,18.4,18.6,18.6,18.7,18.1,18.7,18.5,18.7,18.5,18.8,18.8,18.7,18.4,19.1,19.3,19.7,19.7,19.7,19.9,19.5,19.0,19.4,19.1,18.8,18.6,18.6,18.8,18.5,18.6,19.1,18.9,18.5,18.6,18.8,18.5,18.7,18.4,18.9,18.8,19.0,18.7,19.0,18.8,18.6,18.7,19.0,18.9,20.0,19.4,19.6,19.6,19.6,19.4,19.3,19.4,19.0,18.5,18.9,19.1,18.8,18.6,18.9,18.8,18.7,18.4,18.8,18.8,18.7,18.5,19.2,19.3,19.0,18.9,19.3,19.2,18.8,19.4,19.0,19.3,20.5,19.8,19.8,20.2,20.1,19.5,19.4,19.5,18.9,18.7,18.9,18.7,18.7,18.5,18.9,19.1,18.8,18.7,19.1,18.8,18.7,18.9,18.9,19.4,19.3,18.7,19.1,19.7,19.3,18.9,19.1,19.4,20.1,20.1,20.0,20.0,19.9,19.3,20.0,19.6,19.0,18.9,18.8,18.9,18.8,18.7,18.6,18.7,18.9,18.9,18.9,18.6,18.7,18.5,19.2,19.7,19.1,18.9,19.6,19.4,19.2,19.1,19.5,19.1,21.1,19.9,20.1,20.6,20.3,20.0,19.4,19.8,19.2,19.0,19.1,19.0,18.8,18.7,19.2,19.0,18.9,19.0,18.6,19.0,18.7,18.7,19.3,19.7,19.3,18.8,19.3,19.7,19.1,18.8,20.0,19.7,21.0,20.2,20.1,20.7,19.8,19.8,19.9,20.2,19.3,19.0,19.4,19.1,19.1,19.1,19.0,19.2,18.9,18.8,18.9,18.9,19.2,19.0,19.5,19.3,19.3,19.3,20.0,19.7,19.7,19.5,20.2,19.7"
0642,8/11/2022 12:30,47.71,35.61,"18.8,18.7,18.1,17.8,18.4,18.3,17.5,18.2,18.1,17.8,18.0,17.9,18.0,18.1,18.0,17.6,18.3,17.8,17.9,18.0,18.0,17.8,18.1,18.1,18.4,18.5,17.7,18.2,18.6,18.3,18.1,18.2,19.2,18.8,18.2,18.2,18.8,18.3,17.9,18.0,18.8,18.2,18.0,18.0,18.4,17.7,17.8,17.8,17.8,18.2,18.1,17.8,18.3,17.9,17.9,17.9,18.7,18.2,17.8,18.3,18.7,18.2,17.8,18.2,18.8,19.0,17.7,17.9,18.0,18.5,17.9,18.0,17.9,18.1,17.8,17.9,18.0,18.1,17.8,17.9,18.0,18.0,17.9,17.9,17.9,17.9,18.1,17.8,18.1,18.1,18.2,17.9,18.6,18.0,18.0,18.2,18.7,18.3,18.3,18.1,18.5,18.1,18.1,18.0,18.2,18.2,18.1,17.9,18.3,18.0,17.5,17.7,18.0,17.9,17.8,17.9,18.4,17.8,18.2,17.8,18.4,18.0,18.1,18.3,18.5,17.8,18.1,18.5,19.0,18.8,18.4,18.1,18.3,18.4,18.0,18.4,18.5,18.1,18.1,18.1,18.1,18.1,18.0,17.9,17.8,18.3,18.1,18.0,18.0,18.0,17.8,18.1,18.3,17.9,17.8,18.2,18.5,18.2,18.2,17.8,18.8,18.6,18.8,18.5,18.6,18.2,18.1,18.2,18.4,18.2,18.0,18.1,18.4,18.1,17.9,17.5,18.2,17.7,18.2,18.1,18.4,17.9,17.8,18.1,18.5,17.9,17.9,17.8,18.4,18.1,18.3,18.5,19.4,18.7,18.2,18.6,18.8,18.6,18.0,18.2,18.2,18.2,18.0,17.8,18.1,18.0,18.2,18.0,18.0,18.0,18.1,17.8,17.7,17.7,18.0,18.1,18.0,18.1,18.2,18.3,18.2,18.0,18.1,18.0,19.2,18.5,18.3,18.8,18.3,18.1,17.9,18.0,18.2,17.9,18.3,17.8,18.3,17.9,18.2,17.9,18.0,17.6,17.7,17.8,18.4,18.3,18.0,18.0,18.0,17.9,17.9,18.0,18.5,18.3,18.1,18.2,19.0,18.1,18.2,18.5,18.5,18.4,18.2,18.5,18.1,18.0,17.6,18.1,17.9,17.8,18.1,18.2,17.9,18.2,17.7,17.9,18.0,17.7,17.8,17.8,17.9,17.8,17.9,18.1,18.5,18.5,18.1,18.3,19.3,19.1,18.2,18.5,18.8,18.1,18.0,18.1,18.4,17.9,17.8,18.1,18.5,18.0,17.9,17.8,18.2,17.9,17.7,17.9,18.4,17.6,17.8,17.7,18.3,17.8,17.8,18.1,18.6,18.1,18.5,18.5,18.8,19.1,18.2,18.7,18.6,18.6,18.1,17.9,18.0,18.3,18.0,17.8,18.2,18.1,18.1,17.9,18.0,17.8,17.8,18.1,17.9,17.9,18.0,17.9,18.1,17.9,17.4,18.4,18.0,18.2,18.3,17.9,19.3,18.9,18.7,18.4,18.7,18.5,18.3,18.5,18.3,18.0,17.8,17.9,18.5,18.3,18.0,18.0,18.4,18.2,18.0,17.7,18.2,17.6,18.1,17.7,18.2,17.9,18.4,17.7,18.7,18.1,18.2,17.7,19.3,19.0,18.7,18.6,18.8,18.7,18.3,18.6,18.3,17.9,18.2,18.0,18.2,18.1,17.7,18.2,18.0,18.3,18.0,18.2,18.1,18.2,18.0,17.8,18.5,18.3,18.0,18.0,18.1,18.3,18.4,18.3,19.6,19.0,18.9,18.8,19.1,18.7,18.3,18.1,18.4,18.3,18.2,18.2,18.4,18.1,18.0,18.0,18.4,17.8,18.2,18.0,18.4,18.1,18.0,17.8,18.2,18.0,18.1,18.0,18.6,18.2,18.3,18.1,19.0,19.5,18.7,18.7,18.8,18.8,18.5,18.3,18.5,18.2,18.0,18.0,18.3,18.1,17.8,18.1,18.1,18.3,18.2,18.1,18.0,18.3,18.3,17.8,18.1,18.4,18.0,18.4,18.2,18.2,18.2,18.1,19.1,19.0,18.8,18.6,18.9,19.0,18.6,18.4,18.5,18.2,17.9,18.0,18.7,17.9,18.0,17.9,18.8,18.3,18.1,17.9,18.3,18.2,17.9,17.9,18.7,18.1,18.3,18.3,18.6,18.2,18.3,18.2,19.4,19.5,18.4,18.9,19.0,18.8,18.7,18.7,18.2,18.3,18.0,18.6,18.3,18.1,18.1,18.0,18.1,18.0,18.1,17.9,18.1,18.3,18.0,18.4,17.8,18.2,18.1,18.2,18.5,18.3,18.6,18.4,19.7,19.3,19.0,19.0,19.4,18.8,18.9,18.3,19.0,18.3,18.3,18.3,18.6,18.1,18.2,17.9,18.4,18.0,17.7,18.0,18.2,18.0,18.2,18.2,18.6,18.4,18.4,18.2,18.6,18.1,18.6,18.4,19.1,19.1,18.9,19.4,19.0,19.1,18.3,18.4,18.5,18.7,18.2,18.2,18.4,18.3,17.8,18.0,18.3,18.3,18.1,18.1,18.7,18.4,18.0,18.4,18.5,18.6,18.4,18.8,18.3,18.5,18.9,18.8,19.9,19.5,19.3,19.3,19.9,19.3,18.6,18.7,18.7,18.4,18.3,18.0,18.5,18.2,18.3,18.3,18.3,18.0,18.2,18.1,18.7,18.1,18.1,18.3,19.1,18.6,18.3,18.5,18.9,18.7,18.7,18.5,19.9,19.4,19.3,19.4,19.1,19.0,18.9,19.0,18.8,18.8,18.2,18.5,18.5,18.3,18.3,18.2,18.1,18.2,18.0,18.2,18.6,18.3,18.5,18.4,18.5,18.8,18.2,18.8,19.0,19.0,18.6,18.8,20.4,19.9,19.6,19.7,19.4,19.2,19.1,18.6,18.7,18.8,18.3,18.2,18.9,18.5,18.4,17.9,18.7,18.6,18.1,17.8,18.7,18.6,18.3,18.7,19.0,18.6,18.7,18.6,19.5,18.8,19.0,18.5,20.4,20.5,19.3,20.0,20.0,19.9,19.1,19.3,19.1,19.1,18.8,18.7,18.9,18.4,18.4,18.6,18.6,18.5,18.2,18.3,18.4,18.5,18.5,18.8,18.9,18.9,18.4,18.8,19.2,18.9,19.6,18.7,20.8,20.3,19.2,19.7,20.1,19.7,19.3,19.0,19.6,18.7,19.0,18.7,19.2,18.8,18.8,18.4,18.8,18.6,18.5,18.1,19.1,18.7,18.9,18.6,19.2,18.8,19.1,18.8,19.4,19.0,19.0,18.9"
0643,8/11/2022 12:32,47.22,35.89,"18.3,17.7,17.9,18.3,18.3,17.6,17.8,17.6,18.1,17.2,17.7,17.5,17.6,17.5,17.7,18.0,17.6,17.4,17.8,18.0,17.7,17.3,17.4,17.9,17.5,17.5,17.7,17.8,18.2,17.7,18.4,17.7,18.7,18.3,18.0,17.8,18.3,17.5,17.7,17.6,17.6,17.4,18.0,17.5,17.9,17.2,17.8,17.5,17.4,17.5,17.7,17.9,17.6,17.6,17.5,18.0,18.1,17.8,17.7,17.7,18.1,17.6,17.8,17.8,18.4,18.0,18.2,18.2,17.8,17.7,17.8,18.0,17.6,17.6,17.8,17.5,17.9,17.2,17.6,17.6,17.6,17.3,17.6,17.6,17.4,17.6,17.6,17.8,17.8,17.2,18.0,17.9,17.8,17.6,18.2,18.0,18.4,18.3,18.4,18.2,17.9,17.8,17.9,17.6,17.8,17.4,17.7,17.7,17.6,17.3,17.7,17.4,17.7,17.4,17.9,17.6,17.8,17.3,17.9,17.8,17.8,17.3,18.0,17.6,17.9,18.3,18.1,17.6,18.3,18.3,18.0,18.6,17.9,17.6,17.8,17.8,17.8,17.6,17.8,17.9,17.6,17.4,18.1,17.9,17.6,17.6,17.7,17.8,17.9,17.3,17.5,17.7,17.6,17.1,17.8,18.2,18.0,17.8,18.0,17.9,18.1,18.2,18.6,17.9,17.8,17.4,17.9,17.8,17.5,17.5,17.7,17.6,17.8,17.3,17.6,17.5,17.5,17.5,17.6,17.5,17.6,17.8,17.8,17.9,17.6,17.4,17.7,18.0,18.0,17.7,17.9,18.3,18.3,17.8,17.8,18.6,18.2,17.7,17.8,18.0,17.8,17.3,17.8,17.7,17.6,17.0,17.7,17.7,17.8,17.5,17.6,18.0,17.9,17.2,17.7,17.4,17.7,17.2,17.8,18.0,17.5,17.4,18.4,18.2,18.6,18.1,18.4,18.4,18.7,17.8,18.1,18.0,17.7,17.9,17.6,17.5,17.5,17.4,17.8,17.6,17.5,17.4,17.7,17.7,17.6,17.5,17.7,17.9,17.3,17.4,17.8,17.6,17.9,17.6,18.3,18.2,18.4,18.2,18.3,18.4,18.1,17.8,17.7,17.8,18.2,17.5,18.0,17.7,17.8,17.5,17.8,18.0,17.8,17.4,17.6,17.6,17.9,17.4,17.9,17.9,17.7,17.4,17.9,18.1,17.8,17.3,18.3,17.9,18.5,18.4,18.6,18.1,18.4,17.9,18.0,18.3,17.9,17.6,17.8,17.8,17.8,17.9,17.9,17.2,17.5,17.4,17.5,17.6,17.6,17.7,17.8,17.7,17.6,17.9,17.8,17.8,17.7,17.6,18.1,18.3,18.4,18.2,18.6,18.5,18.4,17.9,18.2,18.3,17.5,17.6,18.1,17.8,17.5,17.6,18.0,17.7,17.6,17.3,17.7,17.6,17.5,17.3,18.0,17.8,17.8,17.7,17.8,17.9,17.7,17.8,17.5,17.9,18.2,18.5,18.3,18.2,17.9,17.9,18.1,18.2,17.8,17.7,17.7,17.6,17.6,17.7,18.1,17.6,17.6,17.7,17.8,17.6,17.5,17.7,17.9,17.8,17.9,17.6,17.8,17.6,17.9,17.9,18.1,17.9,19.1,18.4,18.8,18.2,18.5,18.1,18.2,18.2,18.0,17.6,17.9,18.1,18.0,17.6,17.9,17.9,18.1,17.3,17.9,17.9,17.5,17.6,17.6,17.9,18.2,17.5,17.8,18.2,18.0,17.8,17.8,18.1,18.9,18.4,18.7,18.4,18.1,18.1,17.9,18.2,18.2,17.7,18.0,17.5,17.7,17.7,17.8,17.9,17.6,17.5,17.9,17.9,17.6,18.0,17.8,17.7,17.9,17.7,18.0,18.0,18.2,17.5,18.2,18.1,18.9,18.1,18.5,18.9,18.5,18.4,18.2,18.3,18.2,17.3,17.8,18.0,18.0,17.5,17.7,17.7,18.0,17.5,18.1,18.0,18.1,17.5,18.1,18.1,18.0,17.7,17.9,18.4,17.8,17.5,17.8,18.1,18.9,18.9,18.6,18.4,18.5,18.3,18.3,18.3,17.8,18.1,18.1,18.0,18.0,18.0,18.0,17.7,17.7,18.0,18.0,17.6,18.0,17.5,18.2,17.8,17.7,17.6,18.0,17.8,18.1,17.7,18.1,18.1,19.0,18.6,18.7,19.1,19.0,18.4,18.6,18.2,18.2,17.8,17.7,18.1,18.0,17.9,17.8,18.2,17.7,17.3,17.8,17.7,17.6,17.7,17.9,17.9,17.7,17.5,18.1,18.2,18.4,17.9,18.5,18.4,18.8,18.6,18.8,18.8,18.7,18.7,18.3,18.1,18.3,17.6,17.8,17.7,17.9,17.8,17.7,17.6,17.7,17.6,17.8,17.7,17.9,17.7,17.9,17.9,17.8,17.9,18.0,18.0,18.1,17.8,18.2,18.2,18.6,19.1,19.0,19.2,18.4,18.5,18.8,18.3,18.4,17.8,18.4,18.1,18.0,17.5,18.0,17.8,17.8,17.5,17.8,17.8,17.8,17.5,17.9,18.0,18.1,18.1,18.2,18.6,18.1,17.9,18.1,18.0,19.4,18.9,19.3,19.5,18.7,18.7,18.7,18.8,18.4,17.9,18.1,18.2,17.8,18.1,18.1,18.1,18.2,17.9,18.2,18.0,18.0,17.8,18.1,18.0,18.3,18.1,18.5,18.0,18.6,18.1,18.3,18.4,19.7,19.2,19.3,19.4,19.4,18.8,18.8,18.7,18.5,17.8,18.1,18.1,18.1,17.6,18.0,18.0,17.9,17.5,18.2,18.1,18.1,17.7,18.0,18.4,18.4,17.7,18.6,18.4,18.6,18.0,18.6,18.6,19.9,19.2,19.2,18.9,18.9,18.6,18.9,18.6,18.4,18.1,18.4,18.1,18.4,18.0,18.2,17.8,18.0,18.0,18.1,17.7,18.0,18.0,18.1,18.2,18.4,18.3,18.6,18.2,18.3,18.6,18.8,18.1,19.9,19.5,19.5,19.5,19.8,19.0,19.0,19.3,18.5,18.3,18.4,18.7,18.2,18.2,18.3,18.4,18.1,17.8,18.0,18.0,18.2,17.9,18.9,18.5,19.1,18.2,18.9,19.0,18.8,18.0,19.2,18.9,19.5,20.1,19.5,19.2,19.7,18.8,19.4,19.1,18.8,18.6,18.4,18.1,18.6,18.3,18.4,18.1,18.2,18.1,18.5,18.0,18.4,18.4,18.9,18.5,18.6,18.7,18.9,18.8,19.0,18.4,19.2,18.7"
0644,8/11/2022 12:34,47.21,36.15,"18.7,17.9,18.0,18.2,18.6,17.8,17.3,17.9,18.1,17.5,17.6,17.7,17.8,17.1,17.3,17.6,17.9,17.0,17.6,17.6,17.9,17.2,17.6,17.3,18.0,17.5,17.7,17.8,18.3,17.6,17.6,17.9,18.6,18.8,18.2,17.9,18.3,18.8,17.7,17.6,17.7,17.8,18.0,17.5,17.4,17.7,17.4,17.5,17.4,17.9,17.9,17.7,17.8,18.1,17.9,17.3,17.9,18.6,17.8,17.6,18.5,18.0,18.0,17.5,19.0,17.6,17.7,18.1,18.4,17.8,17.5,17.8,17.9,17.3,17.6,17.7,18.0,17.3,17.4,17.8,17.8,17.6,17.4,17.7,17.9,17.4,17.4,17.4,18.1,17.5,17.4,17.9,17.9,17.5,17.9,18.0,18.8,18.2,18.3,18.1,18.1,17.9,17.9,17.6,18.0,18.0,17.7,17.7,18.1,17.6,17.7,17.6,17.7,17.7,17.7,17.6,18.0,17.6,17.7,17.4,18.0,18.0,17.7,17.5,17.8,18.2,18.5,18.0,18.5,18.0,17.9,18.3,18.5,17.9,17.6,17.8,17.7,17.4,17.6,17.9,17.9,17.2,17.7,17.5,17.8,17.4,17.5,17.6,17.8,17.5,17.4,17.4,17.9,17.5,17.6,17.8,17.9,18.0,17.5,18.0,18.6,18.8,18.5,17.9,18.0,18.0,17.9,18.2,18.0,18.0,17.9,17.7,17.8,17.8,17.8,17.3,17.7,17.7,17.6,17.6,17.7,17.9,18.1,17.4,17.6,17.9,17.7,17.8,17.8,17.9,18.5,17.6,18.4,18.2,17.7,18.2,18.3,17.9,18.0,17.8,17.8,17.7,17.6,17.5,17.9,17.3,17.5,17.5,18.0,17.7,17.6,17.8,17.7,17.2,17.7,17.5,17.8,17.5,17.8,17.8,17.8,17.2,17.9,18.0,18.3,18.9,18.5,18.1,18.0,18.3,17.7,17.6,17.7,17.9,17.9,17.5,17.8,18.1,17.8,17.5,17.5,17.8,17.7,17.5,17.7,18.1,17.7,17.5,17.5,17.6,17.8,17.6,17.7,18.1,18.0,17.8,19.2,18.1,18.0,18.3,18.5,17.8,17.9,17.9,18.1,17.5,17.8,17.7,18.0,17.7,17.6,17.8,18.1,17.2,17.3,17.8,17.9,17.6,17.7,17.7,17.9,17.6,17.5,17.7,18.2,17.5,17.9,18.1,18.4,18.1,18.5,18.1,18.3,18.3,18.0,17.7,17.8,17.9,17.8,17.6,18.0,18.2,17.5,17.5,17.5,17.9,17.5,17.8,17.6,18.0,17.8,17.7,17.8,18.0,18.0,17.4,18.0,18.0,18.4,17.7,19.2,18.4,18.0,18.6,18.4,17.6,18.0,17.8,17.9,18.0,17.9,17.8,17.7,17.8,17.6,17.9,17.9,17.5,17.5,17.2,17.8,17.6,17.8,17.8,18.0,17.4,17.8,17.9,18.4,17.8,17.7,17.9,18.6,18.5,18.7,18.2,18.4,18.1,18.1,17.9,17.7,18.0,18.2,17.8,17.6,18.0,17.7,17.7,17.9,18.1,17.7,17.7,17.7,17.8,18.1,17.4,17.7,17.8,17.9,17.4,18.5,18.1,18.2,17.9,19.5,18.3,18.5,18.4,18.6,17.9,17.6,18.2,18.2,17.8,17.7,17.7,17.8,17.6,17.7,17.7,18.0,17.6,17.6,17.8,18.2,17.5,17.6,17.7,18.5,17.5,17.6,17.8,18.3,17.7,17.6,18.1,18.6,19.0,18.4,18.3,18.3,18.7,18.3,17.6,18.2,18.0,17.9,17.9,18.2,18.0,18.0,17.5,17.8,18.0,17.9,17.5,17.7,17.9,17.7,17.5,18.1,18.2,17.8,17.6,18.0,17.8,17.9,17.7,19.2,18.5,18.5,18.6,18.3,18.4,18.1,18.3,18.5,17.8,18.0,17.8,18.2,17.6,17.5,17.8,17.9,17.8,17.7,17.6,18.2,17.6,17.6,18.1,18.5,17.9,18.0,18.0,18.2,17.6,17.8,18.3,18.6,19.0,18.6,18.6,18.1,18.6,18.4,18.1,18.0,18.2,17.9,18.0,17.7,18.1,18.1,17.5,18.0,17.9,18.2,17.8,17.6,17.8,17.7,17.8,17.9,18.1,18.1,17.8,18.0,17.7,18.1,18.0,19.4,18.5,18.8,18.8,19.2,18.2,18.2,18.3,18.4,17.7,17.5,17.7,18.4,17.7,17.7,17.8,18.1,17.7,17.8,17.7,18.1,18.0,17.4,18.1,18.2,17.7,17.7,18.1,18.7,17.9,18.0,17.9,18.8,18.8,19.0,18.8,19.0,18.8,18.3,18.1,18.1,18.5,18.0,17.9,17.9,18.1,17.9,17.4,17.7,18.2,17.7,17.9,17.8,18.2,18.2,17.8,17.9,18.3,18.2,17.8,18.1,18.3,18.4,17.9,19.5,19.0,18.7,19.1,19.4,18.7,18.2,18.4,18.5,18.0,18.0,17.9,18.1,17.6,17.5,17.6,17.9,17.7,17.9,17.8,18.3,17.7,17.8,17.7,18.6,18.1,18.2,18.0,18.5,18.0,17.9,17.7,19.1,19.7,19.0,18.6,18.4,19.1,18.8,18.7,18.3,18.4,17.9,17.6,18.0,18.0,18.4,17.9,17.8,17.5,18.2,17.4,18.0,17.9,18.3,18.4,18.3,18.4,18.3,18.2,18.4,18.3,18.2,18.1,19.6,18.9,19.2,19.1,19.5,18.8,18.7,18.6,18.8,18.0,18.1,17.9,18.6,17.8,18.0,18.2,18.4,18.1,17.7,17.7,18.4,17.7,18.0,18.2,18.7,18.4,18.4,18.4,19.0,18.3,18.3,18.3,19.8,19.1,19.3,19.0,19.5,19.2,19.0,18.6,18.3,18.6,18.5,17.9,18.0,18.3,18.4,17.8,18.1,18.3,18.3,17.8,18.1,18.1,18.5,18.2,18.4,18.6,18.7,18.2,18.9,18.8,18.7,18.3,20.6,19.7,19.2,19.7,19.9,19.2,18.7,19.1,18.9,18.7,18.2,18.5,18.5,18.0,18.4,18.1,18.3,17.8,17.8,18.0,18.4,18.3,18.3,18.3,18.7,18.5,18.2,18.5,19.2,18.4,18.7,18.4,20.2,19.7,19.7,19.2,19.4,19.9,19.1,18.8,18.8,19.3,18.6,18.3,18.4,18.6,18.4,18.0,18.4,18.4,18.7,17.8,18.4,18.5,18.9,18.6,18.6,19.0,18.8,18.6,18.9,18.9,19.6,18.2"
0645,8/11/2022 12:36,47.02,36.25,"18.2,18.2,18.1,17.7,17.8,17.6,18.0,17.8,17.5,17.3,17.7,17.7,17.8,17.7,18.0,17.9,17.6,17.3,18.2,17.7,17.7,17.5,17.6,17.9,17.9,17.9,17.9,18.0,17.9,17.7,18.1,17.9,18.6,18.0,18.2,18.2,18.3,17.9,17.9,17.8,18.0,17.2,18.0,17.5,18.3,17.4,17.8,17.5,17.8,17.3,17.9,17.7,18.0,17.6,18.1,17.8,17.9,17.4,17.8,17.9,17.8,17.3,18.3,18.2,18.5,17.7,18.2,18.1,17.8,18.1,17.8,18.0,17.6,18.0,17.8,17.5,17.7,17.7,18.2,18.0,17.6,17.7,17.8,17.6,17.8,17.8,17.8,17.8,17.4,17.6,18.0,18.1,17.8,18.0,17.8,18.0,18.4,18.0,17.9,18.1,18.3,17.7,18.1,17.8,18.0,17.8,17.7,17.9,18.0,17.5,17.8,17.6,17.5,17.5,17.9,18.0,18.0,17.5,18.1,17.8,17.7,17.5,18.0,17.8,18.3,17.7,18.3,18.0,18.0,18.1,18.4,18.6,17.9,17.8,18.0,18.0,18.0,17.6,17.6,17.9,17.8,17.6,17.7,17.4,17.5,17.5,17.8,18.0,17.2,17.5,17.7,17.7,17.6,17.7,17.6,17.8,17.9,17.8,18.2,18.1,18.6,18.4,18.5,18.3,18.2,17.6,17.9,18.0,18.0,17.5,17.9,17.9,18.0,17.7,17.5,17.5,17.9,17.6,17.9,18.0,18.1,17.6,18.0,18.1,17.8,17.2,17.7,17.8,18.4,17.9,18.1,18.3,18.2,18.0,18.4,18.2,18.0,17.9,18.0,17.8,18.0,17.5,17.8,18.0,17.8,17.4,17.7,17.9,17.8,17.4,17.8,17.7,17.5,17.4,17.6,17.9,17.8,17.6,18.0,18.0,18.1,17.4,18.1,18.2,18.8,17.8,18.1,18.6,18.3,17.6,17.8,17.8,18.1,17.6,17.8,18.0,17.8,17.6,17.9,17.9,18.1,17.3,17.7,17.5,17.6,17.5,17.9,17.7,18.3,17.3,17.8,17.7,17.9,17.8,18.5,18.2,18.6,18.1,18.6,18.5,18.1,17.7,17.7,18.0,17.8,17.7,17.9,17.9,17.8,17.7,17.8,17.9,17.7,17.2,17.6,17.5,17.7,17.5,17.5,17.7,17.4,17.8,17.6,17.9,17.8,17.5,18.3,18.3,19.1,18.0,18.6,18.7,18.8,17.9,18.2,17.9,18.0,17.6,18.2,18.1,18.0,17.6,18.1,17.9,17.7,17.5,17.4,17.5,18.0,17.4,17.5,17.7,18.2,17.5,17.9,17.8,17.9,17.4,18.1,17.9,18.3,18.2,18.6,18.3,17.8,17.9,17.8,17.8,17.7,17.6,17.9,18.0,17.6,17.8,18.0,17.6,17.9,17.5,17.7,17.8,17.7,17.4,17.8,17.8,17.8,17.4,17.8,17.8,17.9,17.8,17.9,18.1,18.6,18.3,18.9,18.0,18.5,17.7,18.1,18.5,18.0,17.9,18.0,18.0,18.0,17.5,17.8,17.8,18.0,17.6,17.7,18.1,17.9,17.3,18.0,18.0,17.7,17.5,17.8,17.9,17.9,17.7,18.5,17.9,19.1,18.4,18.8,18.4,18.5,18.3,17.8,18.4,18.0,17.6,18.0,17.7,18.1,17.6,17.8,17.9,17.4,17.5,17.8,17.7,17.7,17.6,17.8,17.9,17.9,17.8,17.9,18.2,18.0,18.0,18.0,17.9,18.9,18.6,18.7,18.2,18.5,17.9,18.5,18.4,18.3,17.9,17.7,17.7,18.1,17.5,18.0,18.1,17.8,17.7,17.9,18.0,17.9,17.6,18.0,17.9,17.9,17.7,17.8,18.0,18.0,17.9,18.2,18.1,18.8,18.8,18.9,18.9,18.3,18.4,18.5,18.2,18.0,17.5,18.0,17.9,17.7,17.8,17.9,18.0,18.0,17.9,17.9,17.8,18.1,17.5,18.0,17.5,18.0,17.8,18.0,17.9,17.8,17.1,18.2,18.3,18.9,18.8,18.6,18.8,18.5,18.3,18.8,18.5,18.4,17.7,17.9,18.4,17.9,17.8,18.0,17.7,18.0,17.6,18.0,17.7,17.8,17.5,18.1,18.2,18.1,17.7,18.2,17.8,18.3,17.7,18.3,18.3,19.2,19.0,18.7,18.5,18.6,18.4,18.4,18.2,17.9,17.8,18.3,18.1,17.7,18.0,18.0,17.8,17.8,17.9,17.7,17.9,17.8,17.7,17.7,17.9,17.9,17.7,17.8,18.1,18.2,17.9,18.5,18.4,18.8,18.6,18.8,18.8,19.1,18.4,18.5,18.3,18.5,17.6,18.0,18.1,18.1,17.5,17.8,18.0,17.7,17.3,18.1,17.9,17.9,17.7,18.1,18.3,18.1,17.6,18.2,18.2,18.3,17.7,18.6,18.2,19.3,19.3,18.7,19.2,18.6,18.3,18.6,18.3,18.4,17.8,17.8,17.9,17.8,18.0,18.0,18.0,17.8,17.7,17.8,17.7,17.8,17.5,18.0,18.2,18.2,17.9,18.4,18.0,18.1,18.1,18.5,18.2,19.8,18.4,19.0,18.9,19.3,18.3,18.7,18.8,18.6,17.9,18.0,17.9,17.9,17.7,18.0,18.0,17.9,17.7,17.9,18.2,18.4,17.8,18.2,18.1,18.5,18.1,18.4,18.0,18.4,17.7,18.5,18.6,19.6,19.2,19.3,18.9,19.1,19.0,19.0,18.5,18.1,18.4,18.5,18.2,17.8,18.1,17.8,18.2,18.3,17.9,18.0,18.3,17.9,17.8,17.8,18.3,18.4,18.2,18.4,18.5,19.0,18.2,18.4,18.6,20.1,18.9,19.4,19.3,19.4,19.0,19.1,18.6,18.7,18.2,18.2,17.7,18.4,18.0,18.1,17.8,18.2,18.0,18.1,18.2,18.2,17.6,18.5,18.6,18.6,18.6,18.7,18.4,18.7,18.4,19.0,18.3,19.8,19.7,19.7,19.3,19.5,19.0,18.9,19.3,18.5,18.5,18.8,18.3,18.0,18.4,18.6,18.5,18.1,18.0,18.2,18.0,18.2,18.1,18.9,18.7,18.5,18.4,18.5,18.8,18.6,18.2,19.0,18.9,20.5,19.3,19.7,19.2,19.9,19.0,19.6,19.1,19.2,18.4,18.6,18.9,18.8,18.1,18.4,18.3,18.4,18.2,18.4,18.4,18.8,18.4,18.9,18.7,18.8,18.5,19.1,18.8,18.7,18.3,19.4,18.9"
0646,8/11/2022 12:38,46.83,36.34,"18.3,18.4,18.1,18.2,18.0,17.8,17.8,17.8,17.7,17.6,17.7,17.5,17.6,17.5,17.5,17.7,17.4,17.5,17.8,17.5,17.3,17.7,17.8,17.6,17.5,17.7,17.7,17.6,17.3,17.9,18.1,18.2,18.9,18.0,18.5,17.8,18.3,17.5,17.9,18.0,17.8,17.6,17.8,17.7,17.9,17.2,17.6,17.5,17.8,17.5,17.7,17.5,18.0,17.6,17.7,18.0,17.8,17.4,17.9,17.7,18.3,17.6,17.8,18.0,18.3,17.9,18.4,17.9,17.6,18.1,17.8,17.4,17.8,17.6,17.5,17.7,17.5,17.4,17.5,18.0,17.5,17.5,18.0,17.6,17.6,17.6,17.6,17.4,17.6,18.0,17.9,18.0,17.8,17.8,17.6,18.5,18.4,17.8,18.6,18.2,18.1,17.5,17.9,17.8,17.8,17.6,17.9,17.9,17.8,17.1,17.8,17.8,17.7,17.2,17.9,17.6,18.2,17.5,17.5,17.8,17.7,17.3,17.6,17.6,18.3,17.7,17.9,17.6,18.0,18.1,18.4,18.2,17.7,17.6,18.0,18.0,17.6,17.4,18.0,18.1,17.8,17.4,17.6,17.7,17.5,17.9,17.5,17.7,17.4,17.4,17.3,17.6,17.4,17.5,17.8,17.8,17.8,17.6,18.2,17.9,18.6,18.2,18.3,18.1,18.0,17.4,17.5,18.2,18.1,17.5,17.9,17.8,17.7,17.5,17.7,17.6,17.7,17.2,17.3,17.4,17.8,17.3,17.6,17.6,17.8,17.4,17.8,17.5,17.6,17.5,18.2,18.1,18.0,18.5,18.0,18.2,18.2,18.2,18.0,18.2,17.7,17.9,17.3,17.7,17.6,17.4,17.6,17.8,17.5,17.8,17.5,17.5,17.6,17.6,17.8,17.6,17.5,17.8,17.7,17.7,17.7,17.6,17.7,17.8,19.0,18.1,18.4,18.2,18.5,18.0,17.8,17.9,18.3,17.8,17.8,17.9,17.9,17.5,17.9,17.8,17.9,17.5,17.6,17.4,18.1,17.3,17.7,17.8,17.7,17.1,17.6,17.7,17.9,17.4,18.3,18.2,18.6,18.2,18.2,18.2,17.9,17.9,18.5,18.0,17.6,17.7,18.1,18.0,17.7,17.5,17.8,17.6,17.5,17.4,17.7,17.8,17.6,17.6,17.9,17.6,17.6,17.4,17.8,17.6,17.5,17.9,18.1,18.1,18.7,18.0,18.6,18.1,18.4,17.7,17.9,18.0,18.3,17.6,17.5,17.4,18.1,17.8,17.9,17.2,17.6,17.5,17.7,17.5,17.8,17.4,17.7,17.6,18.2,17.4,17.5,17.6,17.9,17.4,17.9,18.1,18.6,18.5,18.0,18.5,18.2,17.9,18.0,18.2,17.4,17.7,17.8,17.8,17.4,17.8,17.7,17.8,17.6,17.6,17.8,17.6,17.5,17.5,18.0,18.2,17.7,17.4,17.5,18.0,17.5,17.5,17.7,17.9,18.6,18.1,18.4,18.2,18.3,17.9,18.5,18.0,17.6,17.5,17.5,17.6,18.0,17.4,17.6,17.8,18.0,17.3,17.7,17.6,17.9,17.5,17.8,17.3,17.7,17.5,17.8,18.0,18.0,17.7,18.1,17.7,18.8,18.4,18.6,18.4,18.1,18.1,18.0,18.1,17.9,17.8,17.8,18.1,17.7,17.8,17.6,17.7,17.6,17.7,17.6,17.6,17.5,17.6,17.6,17.4,17.7,17.9,17.7,17.7,18.0,18.2,17.7,18.2,19.3,18.4,18.3,18.2,18.4,18.0,18.2,17.7,18.1,17.7,17.9,17.8,18.1,17.7,18.0,18.1,18.1,17.7,17.7,17.6,17.9,17.8,17.6,17.6,18.0,17.7,17.6,17.7,18.3,17.3,18.0,18.0,18.8,19.0,18.7,18.7,18.3,18.4,18.4,18.4,18.2,17.7,18.2,17.7,17.7,17.3,17.6,18.1,17.5,17.9,17.8,18.2,18.0,17.8,18.0,18.0,17.6,17.8,17.9,18.1,17.8,18.1,17.8,17.7,18.9,18.4,18.4,18.4,18.6,18.1,18.3,18.0,18.2,17.9,18.0,17.7,17.9,17.7,17.9,18.0,17.9,17.6,17.9,17.8,17.9,17.4,18.0,17.9,18.3,17.9,17.8,18.0,18.1,17.7,18.3,18.1,18.8,18.8,18.9,18.9,18.8,18.7,18.6,18.2,18.1,18.0,17.8,18.1,17.7,18.0,18.0,17.7,17.9,17.6,17.9,17.9,17.8,17.7,17.9,18.0,17.7,18.3,18.1,18.3,18.0,17.9,18.5,18.0,18.6,18.6,18.8,18.6,19.1,18.1,18.5,18.3,18.5,18.0,18.1,18.1,18.1,17.5,17.8,17.8,17.9,17.4,17.6,17.6,18.1,17.6,17.7,18.0,18.0,18.0,18.4,17.5,18.3,17.8,18.0,18.0,19.1,19.5,19.0,19.2,19.1,18.5,18.2,17.9,18.0,18.0,17.7,17.8,17.6,17.5,17.9,18.0,18.0,17.6,18.0,17.7,17.6,18.1,17.9,17.7,18.3,18.1,18.1,18.1,18.2,18.1,18.7,18.2,20.1,18.8,19.1,18.9,19.1,18.3,18.7,18.8,18.4,17.5,18.3,17.9,18.2,17.9,18.0,17.8,17.9,17.6,17.9,17.8,18.4,17.6,18.2,18.1,18.5,17.8,18.2,18.0,18.4,17.7,18.3,18.2,19.4,19.2,19.3,19.2,18.9,19.2,18.8,18.7,18.5,18.2,18.1,17.8,18.0,17.8,18.0,17.9,18.0,17.8,18.1,17.6,17.9,17.6,18.2,17.9,18.4,17.7,18.3,18.7,18.2,18.4,18.6,18.4,19.9,19.2,19.6,19.3,19.6,18.4,18.7,18.6,18.6,17.9,18.4,18.1,18.4,18.0,18.1,17.8,18.2,17.8,17.8,17.7,18.0,17.6,18.5,18.4,18.6,18.1,18.6,18.4,18.9,18.6,18.3,18.1,19.8,19.5,19.5,19.8,19.3,19.2,19.0,19.1,18.7,18.1,18.5,18.2,18.2,18.1,18.1,18.1,18.3,18.0,18.4,18.2,18.1,18.0,18.6,18.7,18.5,18.4,18.7,18.8,18.8,18.4,19.0,18.7,20.8,19.0,19.2,19.2,19.7,19.3,19.2,19.1,19.0,18.4,18.6,18.4,18.9,18.3,18.3,17.9,18.5,17.9,18.4,17.8,18.0,18.4,18.6,18.7,19.0,18.3,18.7,18.6,19.0,18.6,19.0,18.5"
